
-- tb_authgroup 데이터 삽입

INSERT INTO tb_authgroup (authgroup_id, authgroup_name, authgroup_desc, remark, use_yn, created_by, created_at, updated_by, updated_at) VALUES ('ADMIN', '관리자그룹', '관리자그룹', NULL, 'Y', 'SYSTEM', '2023-11-27 19:47:29.433', 'SYSTEM', '2023-11-27 19:47:29.433');
INSERT INTO tb_authgroup (authgroup_id, authgroup_name, authgroup_desc, remark, use_yn, created_by, created_at, updated_by, updated_at) VALUES ('BAS_USER', 'BAS 사용자 그룹', 'BAS 사용자 그룹', NULL, 'Y', 'SYSTME', '2023-11-27 19:48:10.769', 'SYSTEM', '2023-11-27 19:48:10.769');
INSERT INTO tb_authgroup (authgroup_id, authgroup_name, authgroup_desc, remark, use_yn, created_by, created_at, updated_by, updated_at) VALUES ('BEMS_USER', 'BEMS 사용자 그룹', 'BEMS 사용자 그룹', NULL, 'Y', 'SYSTEM', '2023-11-27 19:48:47.570', 'SYSTEM', '2023-11-27 19:48:47.570');


INSERT INTO tb_systemapp (application_id, application_name, use_yn, created_by, created_at, updated_by, updated_at) VALUES ('BAS', 'BAS', 'Y', 'SYSTEM', '2023-11-27 13:36:38.000', 'SYSTEM', '2023-11-27 13:36:46.000');
INSERT INTO tb_systemapp (application_id, application_name, use_yn, created_by, created_at, updated_by, updated_at) VALUES ('BEMS', 'BEMS', 'Y', 'SYSTEM', '2023-11-27 13:37:21.000', 'SYSTEM', '2023-11-27 13:37:27.000');
INSERT INTO tb_systemapp (application_id, application_name, use_yn, created_by, created_at, updated_by, updated_at) VALUES ('CMN', '공통', 'Y', 'SYSTEM', '2023-11-27 13:37:21.000', 'SYSTEM', '2023-11-27 13:37:2');

-- tb_menu 데이터 삽입
INSERT INTO tb_menu (menu_id, application_id, menu_name, prntmenu_id, sort_odr, menu_url, menu_icon, remark, use_yn, created_by, created_at, updated_by, updated_at) VALUES ('NBSA0000', 'BEMS', '데이터조회', 'NBS00000', 2, '', '', '', 'Y', 'SYSTEM', '2023-12-01 00:00:00.000', 'SYSTEM', '2023-12-01 00:00:00.000');
INSERT INTO tb_menu (menu_id, application_id, menu_name, prntmenu_id, sort_odr, menu_url, menu_icon, remark, use_yn, created_by, created_at, updated_by, updated_at) VALUES ('NBSAA000', 'BEMS', '에너지사용량', 'NBSA0000', 1, '', '', '', 'Y', 'SYSTEM', '2023-12-01 00:00:00.000', 'SYSTEM', '2023-12-01 00:00:00.000');
INSERT INTO tb_menu (menu_id, application_id, menu_name, prntmenu_id, sort_odr, menu_url, menu_icon, remark, use_yn, created_by, created_at, updated_by, updated_at) VALUES ('NBSAA010', 'BEMS', '건물전체사용량', 'NBSAA000', 1, '', '', '', 'Y', 'SYSTEM', '2023-12-01 00:00:00.000', 'SYSTEM', '2023-12-01 00:00:00.000');
INSERT INTO tb_menu  (menu_id, application_id, menu_name, prntmenu_id, sort_odr, menu_url, menu_icon, remark, use_yn, created_by, created_at, updated_by, updated_at) VALUES ('NBSAA020', 'BEMS', '수요처별사용량', 'NBSAA000', '2', '', '', '', 'Y', 'SYSTEM', '2023-12-01 00:00:00.000', 'SYSTEM', '2023-12-01 00:00:00.000');
INSERT INTO tb_menu  (menu_id, application_id, menu_name, prntmenu_id, sort_odr, menu_url, menu_icon, remark, use_yn, created_by, created_at, updated_by, updated_at) VALUES ('NBSAA030', 'BEMS', '에너지용도별사용량', 'NBSAA000', '3', '', '', '', 'Y', 'SYSTEM', '2023-12-01 00:00:00.000', 'SYSTEM', '2023-12-01 00:00:00.000');
INSERT INTO tb_menu  (menu_id, application_id, menu_name, prntmenu_id, sort_odr, menu_url, menu_icon, remark, use_yn, created_by, created_at, updated_by, updated_at) VALUES ('NBSAA040', 'BEMS', '에너지원별사용량', 'NBSAA000', '4', '', '', '', 'Y', 'SYSTEM', '2023-12-01 00:00:00.000', 'SYSTEM', '2023-12-01 00:00:00.000');
INSERT INTO tb_menu  (menu_id, application_id, menu_name, prntmenu_id, sort_odr, menu_url, menu_icon, remark, use_yn, created_by, created_at, updated_by, updated_at) VALUES ('NBSAB000', 'BEMS', '비용', 'NBSA0000', '2', '', '', '', 'Y', 'SYSTEM', '2023-12-01 00:00:00.000', 'SYSTEM', '2023-12-01 00:00:00.000');
INSERT INTO tb_menu  (menu_id, application_id, menu_name, prntmenu_id, sort_odr, menu_url, menu_icon, remark, use_yn, created_by, created_at, updated_by, updated_at) VALUES ('NBSAB010', 'BEMS', '전체비용', 'NBSAB000', '1', '', '', '', 'Y', 'SYSTEM', '2023-12-01 00:00:00.000', 'SYSTEM', '2023-12-01 00:00:00.000');
INSERT INTO tb_menu  (menu_id, application_id, menu_name, prntmenu_id, sort_odr, menu_url, menu_icon, remark, use_yn, created_by, created_at, updated_by, updated_at) VALUES ('NBSAB020', 'BEMS', '수요처별비용', 'NBSAB000', '2', '', '', '', 'Y', 'SYSTEM', '2023-12-01 00:00:00.000', 'SYSTEM', '2023-12-01 00:00:00.000');
INSERT INTO tb_menu  (menu_id, application_id, menu_name, prntmenu_id, sort_odr, menu_url, menu_icon, remark, use_yn, created_by, created_at, updated_by, updated_at) VALUES ('NBSAB030', 'BEMS', '용도별비용', 'NBSAB000', '3', '', '', '', 'Y', 'SYSTEM', '2023-12-01 00:00:00.000', 'SYSTEM', '2023-12-01 00:00:00.000');
INSERT INTO tb_menu  (menu_id, application_id, menu_name, prntmenu_id, sort_odr, menu_url, menu_icon, remark, use_yn, created_by, created_at, updated_by, updated_at) VALUES ('NBSAB040', 'BEMS', '에너지원별비용', 'NBSAB000', '4', '', '', '', 'Y', 'SYSTEM', '2023-12-01 00:00:00.000', 'SYSTEM', '2023-12-01 00:00:00.000');
INSERT INTO tb_menu  (menu_id, application_id, menu_name, prntmenu_id, sort_odr, menu_url, menu_icon, remark, use_yn, created_by, created_at, updated_by, updated_at) VALUES ('NBSAC000', 'BEMS', '온실가스배출량', 'NBSA0000', '3', '', '', '', 'Y', 'SYSTEM', '2023-12-01 00:00:00.000', 'SYSTEM', '2023-12-01 00:00:00.000');
INSERT INTO tb_menu  (menu_id, application_id, menu_name, prntmenu_id, sort_odr, menu_url, menu_icon, remark, use_yn, created_by, created_at, updated_by, updated_at) VALUES ('NBSAC010', 'BEMS', '전체배출량', 'NBSAC000', '1', '', '', '', 'Y', 'SYSTEM', '2023-12-01 00:00:00.000', 'SYSTEM', '2023-12-01 00:00:00.000');
INSERT INTO tb_menu  (menu_id, application_id, menu_name, prntmenu_id, sort_odr, menu_url, menu_icon, remark, use_yn, created_by, created_at, updated_by, updated_at) VALUES ('NBSAC020', 'BEMS', '수요처별배출량', 'NBSAC000', '2', '', '', '', 'Y', 'SYSTEM', '2023-12-01 00:00:00.000', 'SYSTEM', '2023-12-01 00:00:00.000');
INSERT INTO tb_menu  (menu_id, application_id, menu_name, prntmenu_id, sort_odr, menu_url, menu_icon, remark, use_yn, created_by, created_at, updated_by, updated_at) VALUES ('NBSAC030', 'BEMS', '용도별배출량', 'NBSAC000', '3', '', '', '', 'Y', 'SYSTEM', '2023-12-01 00:00:00.000', 'SYSTEM', '2023-12-01 00:00:00.000');
INSERT INTO tb_menu  (menu_id, application_id, menu_name, prntmenu_id, sort_odr, menu_url, menu_icon, remark, use_yn, created_by, created_at, updated_by, updated_at) VALUES ('NBSAC040', 'BEMS', '에너지원별배출량', 'NBSAC000', '4', '', '', '', 'Y', 'SYSTEM', '2023-12-01 00:00:00.000', 'SYSTEM', '2023-12-01 00:00:00.000');
INSERT INTO tb_menu  (menu_id, application_id, menu_name, prntmenu_id, sort_odr, menu_url, menu_icon, remark, use_yn, created_by, created_at, updated_by, updated_at) VALUES ('NBSAD000', 'BEMS', '생산량/자립률', 'NBSA0000', '4', '', '', '', 'Y', 'SYSTEM', '2023-12-01 00:00:00.000', 'SYSTEM', '2023-12-01 00:00:00.000');
INSERT INTO tb_menu  (menu_id, application_id, menu_name, prntmenu_id, sort_odr, menu_url, menu_icon, remark, use_yn, created_by, created_at, updated_by, updated_at) VALUES ('NBSAD010', 'BEMS', '생산량/자립률', 'NBSAD000', '1', '', '', '', 'Y', 'SYSTEM', '2023-12-01 00:00:00.000', 'SYSTEM', '2023-12-01 00:00:00.000');
INSERT INTO tb_menu  (menu_id, application_id, menu_name, prntmenu_id, sort_odr, menu_url, menu_icon, remark, use_yn, created_by, created_at, updated_by, updated_at) VALUES ('NBSAE000', 'BEMS', '데이터측정이력', 'NBSA0000', '5', '', '', '', 'Y', 'SYSTEM', '2023-12-01 00:00:00.000', 'SYSTEM', '2023-12-01 00:00:00.000');
INSERT INTO tb_menu  (menu_id, application_id, menu_name, prntmenu_id, sort_odr, menu_url, menu_icon, remark, use_yn, created_by, created_at, updated_by, updated_at) VALUES ('NBSAE010', 'BEMS', '환경관제점계측이력', 'NBSAE000', '1', '', '', '', 'Y', 'SYSTEM', '2023-12-01 00:00:00.000', 'SYSTEM', '2023-12-01 00:00:00.000');
INSERT INTO tb_menu  (menu_id, application_id, menu_name, prntmenu_id, sort_odr, menu_url, menu_icon, remark, use_yn, created_by, created_at, updated_by, updated_at) VALUES ('NBSAE020', 'BEMS', '설비관제점계측이력', 'NBSAE000', '2', '', '', '', 'Y', 'SYSTEM', '2023-12-01 00:00:00.000', 'SYSTEM', '2023-12-01 00:00:00.000');
INSERT INTO tb_menu  (menu_id, application_id, menu_name, prntmenu_id, sort_odr, menu_url, menu_icon, remark, use_yn, created_by, created_at, updated_by, updated_at) VALUES ('NBSC0000', 'BEMS', '에너지분석', 'NBS00000', '3', '', '', '', 'Y', 'SYSTEM', '2023-12-01 00:00:00.000', 'SYSTEM', '2023-12-01 00:00:00.000');
INSERT INTO tb_menu  (menu_id, application_id, menu_name, prntmenu_id, sort_odr, menu_url, menu_icon, remark, use_yn, created_by, created_at, updated_by, updated_at) VALUES ('NBSCA000', 'BEMS', '에너지사용량분석', 'NBSC0000', '1', '', '', '', 'Y', 'SYSTEM', '2023-12-01 00:00:00.000', 'SYSTEM', '2023-12-01 00:00:00.000');
INSERT INTO tb_menu  (menu_id, application_id, menu_name, prntmenu_id, sort_odr, menu_url, menu_icon, remark, use_yn, created_by, created_at, updated_by, updated_at) VALUES ('NBSCA010', 'BEMS', '건물 전체', 'NBSCA000', '1', '', '', '', 'Y', 'SYSTEM', '2023-12-01 00:00:00.000', 'SYSTEM', '2023-12-01 00:00:00.000');
INSERT INTO tb_menu  (menu_id, application_id, menu_name, prntmenu_id, sort_odr, menu_url, menu_icon, remark, use_yn, created_by, created_at, updated_by, updated_at) VALUES ('NBSCA020', 'BEMS', '수요처별', 'NBSCA000', '2', '', '', '', 'Y', 'SYSTEM', '2023-12-01 00:00:00.000', 'SYSTEM', '2023-12-01 00:00:00.000');
INSERT INTO tb_menu  (menu_id, application_id, menu_name, prntmenu_id, sort_odr, menu_url, menu_icon, remark, use_yn, created_by, created_at, updated_by, updated_at) VALUES ('NBSCA030', 'BEMS', '에너지용도별', 'NBSCA000', '3', '', '', '', 'Y', 'SYSTEM', '2023-12-01 00:00:00.000', 'SYSTEM', '2023-12-01 00:00:00.000');
INSERT INTO tb_menu  (menu_id, application_id, menu_name, prntmenu_id, sort_odr, menu_url, menu_icon, remark, use_yn, created_by, created_at, updated_by, updated_at) VALUES ('NBSCA040', 'BEMS', '에너지원별', 'NBSCA000', '4', '', '', '', 'Y', 'SYSTEM', '2023-12-01 00:00:00.000', 'SYSTEM', '2023-12-01 00:00:00.000');
INSERT INTO tb_menu  (menu_id, application_id, menu_name, prntmenu_id, sort_odr, menu_url, menu_icon, remark, use_yn, created_by, created_at, updated_by, updated_at) VALUES ('NBSCB000', 'BEMS', '최대전력수요', 'NBSC0000', '2', '', '', '', 'Y', 'SYSTEM', '2023-12-01 00:00:00.000', 'SYSTEM', '2023-12-01 00:00:00.000');
INSERT INTO tb_menu  (menu_id, application_id, menu_name, prntmenu_id, sort_odr, menu_url, menu_icon, remark, use_yn, created_by, created_at, updated_by, updated_at) VALUES ('NBSCB010', 'BEMS', '최대전력수요', 'NBSCB000', '1', '', '', '', 'Y', 'SYSTEM', '2023-12-01 00:00:00.000', 'SYSTEM', '2023-12-01 00:00:00.000');
INSERT INTO tb_menu  (menu_id, application_id, menu_name, prntmenu_id, sort_odr, menu_url, menu_icon, remark, use_yn, created_by, created_at, updated_by, updated_at) VALUES ('NBSCC000', 'BEMS', '에너지원단위분석', 'NBSC0000', '3', '', '', '', 'Y', 'SYSTEM', '2023-12-01 00:00:00.000', 'SYSTEM', '2023-12-01 00:00:00.000');
INSERT INTO tb_menu  (menu_id, application_id, menu_name, prntmenu_id, sort_odr, menu_url, menu_icon, remark, use_yn, created_by, created_at, updated_by, updated_at) VALUES ('NBSCC010', 'BEMS', '에너지자립률', 'NBSCC000', '1', '', '', '', 'Y', 'SYSTEM', '2023-12-01 00:00:00.000', 'SYSTEM', '2023-12-01 00:00:00.000');
INSERT INTO tb_menu  (menu_id, application_id, menu_name, prntmenu_id, sort_odr, menu_url, menu_icon, remark, use_yn, created_by, created_at, updated_by, updated_at) VALUES ('NBSCC020', 'BEMS', '에너지원단위소비량', 'NBSCC000', '2', '', '', '', 'Y', 'SYSTEM', '2023-12-01 00:00:00.000', 'SYSTEM', '2023-12-01 00:00:00.000');
INSERT INTO tb_menu  (menu_id, application_id, menu_name, prntmenu_id, sort_odr, menu_url, menu_icon, remark, use_yn, created_by, created_at, updated_by, updated_at) VALUES ('NBSCD000', 'BEMS', '유사건물통계', 'NBSC0000', '4', '', '', '', 'Y', 'SYSTEM', '2023-12-01 00:00:00.000', 'SYSTEM', '2023-12-01 00:00:00.000');
INSERT INTO tb_menu  (menu_id, application_id, menu_name, prntmenu_id, sort_odr, menu_url, menu_icon, remark, use_yn, created_by, created_at, updated_by, updated_at) VALUES ('NBSCD010', 'BEMS', '유사건물통계', 'NBSCD000', '1', '', '', '', 'Y', 'SYSTEM', '2023-12-01 00:00:00.000', 'SYSTEM', '2023-12-01 00:00:00.000');
INSERT INTO tb_menu  (menu_id, application_id, menu_name, prntmenu_id, sort_odr, menu_url, menu_icon, remark, use_yn, created_by, created_at, updated_by, updated_at) VALUES ('NBSCE000', 'BEMS', '에너지소비예측', 'NBSC0000', '5', '', '', '', 'Y', 'SYSTEM', '2023-12-01 00:00:00.000', 'SYSTEM', '2023-12-01 00:00:00.000');
INSERT INTO tb_menu  (menu_id, application_id, menu_name, prntmenu_id, sort_odr, menu_url, menu_icon, remark, use_yn, created_by, created_at, updated_by, updated_at) VALUES ('NBSCE010', 'BEMS', '건물 전체', 'NBSCE000', '1', '', '', '', 'Y', 'SYSTEM', '2023-12-01 00:00:00.000', 'SYSTEM', '2023-12-01 00:00:00.000');
INSERT INTO tb_menu  (menu_id, application_id, menu_name, prntmenu_id, sort_odr, menu_url, menu_icon, remark, use_yn, created_by, created_at, updated_by, updated_at) VALUES ('NBSCE020', 'BEMS', '수요처별', 'NBSCE000', '2', '', '', '', 'Y', 'SYSTEM', '2023-12-01 00:00:00.000', 'SYSTEM', '2023-12-01 00:00:00.000');
INSERT INTO tb_menu  (menu_id, application_id, menu_name, prntmenu_id, sort_odr, menu_url, menu_icon, remark, use_yn, created_by, created_at, updated_by, updated_at) VALUES ('NBSCE030', 'BEMS', '에너지용도별', 'NBSCE000', '3', '', '', '', 'Y', 'SYSTEM', '2023-12-01 00:00:00.000', 'SYSTEM', '2023-12-01 00:00:00.000');
INSERT INTO tb_menu  (menu_id, application_id, menu_name, prntmenu_id, sort_odr, menu_url, menu_icon, remark, use_yn, created_by, created_at, updated_by, updated_at) VALUES ('NBSCE040', 'BEMS', '에너지원별', 'NBSCE000', '4', '', '', '', 'Y', 'SYSTEM', '2023-12-01 00:00:00.000', 'SYSTEM', '2023-12-01 00:00:00.000');
INSERT INTO tb_menu  (menu_id, application_id, menu_name, prntmenu_id, sort_odr, menu_url, menu_icon, remark, use_yn, created_by, created_at, updated_by, updated_at) VALUES ('NBSD0000', 'BEMS', '설비분석', 'NBS00000', '4', '', '', '', 'Y', 'SYSTEM', '2023-12-01 00:00:00.000', 'SYSTEM', '2023-12-01 00:00:00.000');
INSERT INTO tb_menu  (menu_id, application_id, menu_name, prntmenu_id, sort_odr, menu_url, menu_icon, remark, use_yn, created_by, created_at, updated_by, updated_at) VALUES ('NBSDA000', 'BEMS', '에너지사용량', 'NBSD0000', '1', '', '', '', 'Y', 'SYSTEM', '2023-12-01 00:00:00.000', 'SYSTEM', '2023-12-01 00:00:00.000');
INSERT INTO tb_menu  (menu_id, application_id, menu_name, prntmenu_id, sort_odr, menu_url, menu_icon, remark, use_yn, created_by, created_at, updated_by, updated_at) VALUES ('NBSDA010', 'BEMS', '계통별', 'NBSDA000', '1', '', '', '', 'Y', 'SYSTEM', '2023-12-01 00:00:00.000', 'SYSTEM', '2023-12-01 00:00:00.000');
INSERT INTO tb_menu  (menu_id, application_id, menu_name, prntmenu_id, sort_odr, menu_url, menu_icon, remark, use_yn, created_by, created_at, updated_by, updated_at) VALUES ('NBSDA020', 'BEMS', '설비별', 'NBSDA000', '2', '', '', '', 'Y', 'SYSTEM', '2023-12-01 00:00:00.000', 'SYSTEM', '2023-12-01 00:00:00.000');
INSERT INTO tb_menu  (menu_id, application_id, menu_name, prntmenu_id, sort_odr, menu_url, menu_icon, remark, use_yn, created_by, created_at, updated_by, updated_at) VALUES ('NBSDA030', 'BEMS', '설비관제점별', 'NBSDA000', '3', '', '', '', 'Y', 'SYSTEM', '2023-12-01 00:00:00.000', 'SYSTEM', '2023-12-01 00:00:00.000');
INSERT INTO tb_menu  (menu_id, application_id, menu_name, prntmenu_id, sort_odr, menu_url, menu_icon, remark, use_yn, created_by, created_at, updated_by, updated_at) VALUES ('NBSDB000', 'BEMS', '설비 성능/효율 분석', 'NBSD0000', '2', '', '', '', 'Y', 'SYSTEM', '2023-12-01 00:00:00.000', 'SYSTEM', '2023-12-01 00:00:00.000');
INSERT INTO tb_menu  (menu_id, application_id, menu_name, prntmenu_id, sort_odr, menu_url, menu_icon, remark, use_yn, created_by, created_at, updated_by, updated_at) VALUES ('NBSDB010', 'BEMS', '설비성능분석', 'NBSDB000', '1', '', '', '', 'Y', 'SYSTEM', '2023-12-01 00:00:00.000', 'SYSTEM', '2023-12-01 00:00:00.000');
INSERT INTO tb_menu  (menu_id, application_id, menu_name, prntmenu_id, sort_odr, menu_url, menu_icon, remark, use_yn, created_by, created_at, updated_by, updated_at) VALUES ('NBSDB020', 'BEMS', '설비효율분석', 'NBSDB000', '2', '', '', '', 'Y', 'SYSTEM', '2023-12-01 00:00:00.000', 'SYSTEM', '2023-12-01 00:00:00.000');
INSERT INTO tb_menu  (menu_id, application_id, menu_name, prntmenu_id, sort_odr, menu_url, menu_icon, remark, use_yn, created_by, created_at, updated_by, updated_at) VALUES ('NBSDC000', 'BEMS', '조치매뉴얼', 'NBSD0000', '3', '', '', '', 'Y', 'SYSTEM', '2023-12-01 00:00:00.000', 'SYSTEM', '2023-12-01 00:00:00.000');
INSERT INTO tb_menu  (menu_id, application_id, menu_name, prntmenu_id, sort_odr, menu_url, menu_icon, remark, use_yn, created_by, created_at, updated_by, updated_at) VALUES ('NBSDC010', 'BEMS', '조치메뉴얼', 'NBSDC000', '1', '', '', '', 'Y', 'SYSTEM', '2023-12-01 00:00:00.000', 'SYSTEM', '2023-12-01 00:00:00.000');
INSERT INTO tb_menu  (menu_id, application_id, menu_name, prntmenu_id, sort_odr, menu_url, menu_icon, remark, use_yn, created_by, created_at, updated_by, updated_at) VALUES ('NBSE0000', 'BEMS', '능동제어', 'NBS00000', '5', '', '', '', 'Y', 'SYSTEM', '2023-12-01 00:00:00.000', 'SYSTEM', '2023-12-01 00:00:00.000');
INSERT INTO tb_menu  (menu_id, application_id, menu_name, prntmenu_id, sort_odr, menu_url, menu_icon, remark, use_yn, created_by, created_at, updated_by, updated_at) VALUES ('NBSEA000', 'BEMS', '모니터링', 'NBSE0000', '1', '', '', '', 'Y', 'SYSTEM', '2023-12-01 00:00:00.000', 'SYSTEM', '2023-12-01 00:00:00.000');
INSERT INTO tb_menu  (menu_id, application_id, menu_name, prntmenu_id, sort_odr, menu_url, menu_icon, remark, use_yn, created_by, created_at, updated_by, updated_at) VALUES ('NBSEA010', 'BEMS', '모니터링', 'NBSEA000', '1', '', '', '', 'Y', 'SYSTEM', '2023-12-01 00:00:00.000', 'SYSTEM', '2023-12-01 00:00:00.000');
INSERT INTO tb_menu  (menu_id, application_id, menu_name, prntmenu_id, sort_odr, menu_url, menu_icon, remark, use_yn, created_by, created_at, updated_by, updated_at) VALUES ('NBSF0000', 'BEMS', '목표관리', 'NBS00000', '6', '', '', '', 'Y', 'SYSTEM', '2023-12-01 00:00:00.000', 'SYSTEM', '2023-12-01 00:00:00.000');
INSERT INTO tb_menu  (menu_id, application_id, menu_name, prntmenu_id, sort_odr, menu_url, menu_icon, remark, use_yn, created_by, created_at, updated_by, updated_at) VALUES ('NBSFA000', 'BEMS', '에너지목표관리', 'NBSF0000', '1', '', '', '', 'Y', 'SYSTEM', '2023-12-01 00:00:00.000', 'SYSTEM', '2023-12-01 00:00:00.000');
INSERT INTO tb_menu  (menu_id, application_id, menu_name, prntmenu_id, sort_odr, menu_url, menu_icon, remark, use_yn, created_by, created_at, updated_by, updated_at) VALUES ('NBSFA010', 'BEMS', '에너지사용량', 'NBSFA000', '1', '', '', '', 'Y', 'SYSTEM', '2023-12-01 00:00:00.000', 'SYSTEM', '2023-12-01 00:00:00.000');
INSERT INTO tb_menu  (menu_id, application_id, menu_name, prntmenu_id, sort_odr, menu_url, menu_icon, remark, use_yn, created_by, created_at, updated_by, updated_at) VALUES ('NBSFB000', 'BEMS', '에너지성능개선조치(EPIA)', 'NBSF0000', '2', '', '', '', 'Y', 'SYSTEM', '2023-12-01 00:00:00.000', 'SYSTEM', '2023-12-01 00:00:00.000');
INSERT INTO tb_menu  (menu_id, application_id, menu_name, prntmenu_id, sort_odr, menu_url, menu_icon, remark, use_yn, created_by, created_at, updated_by, updated_at) VALUES ('NBSFB010', 'BEMS', '에너지성능개선조치(EPIA)', 'NBSFB000', '1', '', '', '', 'Y', 'SYSTEM', '2023-12-01 00:00:00.000', 'SYSTEM', '2023-12-01 00:00:00.000');
INSERT INTO tb_menu  (menu_id, application_id, menu_name, prntmenu_id, sort_odr, menu_url, menu_icon, remark, use_yn, created_by, created_at, updated_by, updated_at) VALUES ('NBSG0000', 'BEMS', '비용분석', 'NBS00000', '7', '', '', '', 'Y', 'SYSTEM', '2023-12-01 00:00:00.000', 'SYSTEM', '2023-12-01 00:00:00.000');
INSERT INTO tb_menu  (menu_id, application_id, menu_name, prntmenu_id, sort_odr, menu_url, menu_icon, remark, use_yn, created_by, created_at, updated_by, updated_at) VALUES ('NBSGA000', 'BEMS', '에너지비용 목표달성 현황', 'NBSG0000', '1', '', '', '', 'Y', 'SYSTEM', '2023-12-01 00:00:00.000', 'SYSTEM', '2023-12-01 00:00:00.000');
INSERT INTO tb_menu  (menu_id, application_id, menu_name, prntmenu_id, sort_odr, menu_url, menu_icon, remark, use_yn, created_by, created_at, updated_by, updated_at) VALUES ('NBSGA010', 'BEMS', '에너지비용 목표달성 현황', 'NBSGA000', '1', '', '', '', 'Y', 'SYSTEM', '2023-12-01 00:00:00.000', 'SYSTEM', '2023-12-01 00:00:00.000');
INSERT INTO tb_menu  (menu_id, application_id, menu_name, prntmenu_id, sort_odr, menu_url, menu_icon, remark, use_yn, created_by, created_at, updated_by, updated_at) VALUES ('NBSGB000', 'BEMS', '에너지비용비교분석', 'NBSG0000', '2', '', '', '', 'Y', 'SYSTEM', '2023-12-01 00:00:00.000', 'SYSTEM', '2023-12-01 00:00:00.000');
INSERT INTO tb_menu  (menu_id, application_id, menu_name, prntmenu_id, sort_odr, menu_url, menu_icon, remark, use_yn, created_by, created_at, updated_by, updated_at) VALUES ('NBSGB010', 'BEMS', '에너지비용비교분석', 'NBSGB000', '1', '', '', '', 'Y', 'SYSTEM', '2023-12-01 00:00:00.000', 'SYSTEM', '2023-12-01 00:00:00.000');
INSERT INTO tb_menu  (menu_id, application_id, menu_name, prntmenu_id, sort_odr, menu_url, menu_icon, remark, use_yn, created_by, created_at, updated_by, updated_at) VALUES ('NBSGC000', 'BEMS', '비용절감분석', 'NBSG0000', '3', '', '', '', 'Y', 'SYSTEM', '2023-12-01 00:00:00.000', 'SYSTEM', '2023-12-01 00:00:00.000');
INSERT INTO tb_menu  (menu_id, application_id, menu_name, prntmenu_id, sort_odr, menu_url, menu_icon, remark, use_yn, created_by, created_at, updated_by, updated_at) VALUES ('NBSGC010', 'BEMS', '비용절감분석', 'NBSGC000', '1', '', '', '', 'Y', 'SYSTEM', '2023-12-01 00:00:00.000', 'SYSTEM', '2023-12-01 00:00:00.000');
INSERT INTO tb_menu  (menu_id, application_id, menu_name, prntmenu_id, sort_odr, menu_url, menu_icon, remark, use_yn, created_by, created_at, updated_by, updated_at) VALUES ('NBSS0000', 'BEMS', '모니터링', 'NBS00000', '1', '', '', '', 'Y', 'SYSTEM', '2023-12-01 00:00:00.000', 'SYSTEM', '2023-12-01 00:00:00.000');
INSERT INTO tb_menu  (menu_id, application_id, menu_name, prntmenu_id, sort_odr, menu_url, menu_icon, remark, use_yn, created_by, created_at, updated_by, updated_at) VALUES ('NBSSA000', 'BEMS', '대시보드', 'NBSS0000', '1', '', '', '', 'Y', 'SYSTEM', '2023-12-01 00:00:00.000', 'SYSTEM', '2023-12-01 00:00:00.000');
INSERT INTO tb_menu  (menu_id, application_id, menu_name, prntmenu_id, sort_odr, menu_url, menu_icon, remark, use_yn, created_by, created_at, updated_by, updated_at) VALUES ('NBSSA010', 'BEMS', '대시보드', 'NBSSA000', '1', '', '', '', 'Y', 'SYSTEM', '2023-12-01 00:00:00.000', 'SYSTEM', '2023-12-01 00:00:00.000');
INSERT INTO tb_menu  (menu_id, application_id, menu_name, prntmenu_id, sort_odr, menu_url, menu_icon, remark, use_yn, created_by, created_at, updated_by, updated_at) VALUES ('NBSV0000', 'CMN', '정보분석', 'NBS00000', '8', '', '', '', 'Y', 'SYSTEM', '2023-12-01 00:00:00.000', 'SYSTEM', '2023-12-01 00:00:00.000');
INSERT INTO tb_menu  (menu_id, application_id, menu_name, prntmenu_id, sort_odr, menu_url, menu_icon, remark, use_yn, created_by, created_at, updated_by, updated_at) VALUES ('NBSVA000', 'CMN', '알람 정보등록', 'NBSV0000', '1', '', '', '', 'Y', 'SYSTEM', '2023-12-01 00:00:00.000', 'SYSTEM', '2023-12-01 00:00:00.000');
INSERT INTO tb_menu  (menu_id, application_id, menu_name, prntmenu_id, sort_odr, menu_url, menu_icon, remark, use_yn, created_by, created_at, updated_by, updated_at) VALUES ('NBSVA010', 'CMN', '알람그룹등록', 'NBSVA000', '1', '', '', '', 'Y', 'SYSTEM', '2023-12-01 00:00:00.000', 'SYSTEM', '2023-12-01 00:00:00.000');
INSERT INTO tb_menu  (menu_id, application_id, menu_name, prntmenu_id, sort_odr, menu_url, menu_icon, remark, use_yn, created_by, created_at, updated_by, updated_at) VALUES ('NBSVA020', 'CMN', '알람태그정보등록', 'NBSVA000', '2', '', '', '', 'Y', 'SYSTEM', '2023-12-01 00:00:00.000', 'SYSTEM', '2023-12-01 00:00:00.000');
INSERT INTO tb_menu  (menu_id, application_id, menu_name, prntmenu_id, sort_odr, menu_url, menu_icon, remark, use_yn, created_by, created_at, updated_by, updated_at) VALUES ('NBSVA030', 'CMN', '알람 환경설정', 'NBSVA000', '3', '', '', '', 'Y', 'SYSTEM', '2023-12-01 00:00:00.000', 'SYSTEM', '2023-12-01 00:00:00.000');
INSERT INTO tb_menu  (menu_id, application_id, menu_name, prntmenu_id, sort_odr, menu_url, menu_icon, remark, use_yn, created_by, created_at, updated_by, updated_at) VALUES ('NBSVA040', 'CMN', '사용자권한설정', 'NBSVA000', '4', '', '', '', 'Y', 'SYSTEM', '2023-12-01 00:00:00.000', 'SYSTEM', '2023-12-01 00:00:00.000');
INSERT INTO tb_menu  (menu_id, application_id, menu_name, prntmenu_id, sort_odr, menu_url, menu_icon, remark, use_yn, created_by, created_at, updated_by, updated_at) VALUES ('NBSVB000', 'CMN', '알람 정보조회', 'NBSV0000', '2', '', '', '', 'Y', 'SYSTEM', '2023-12-01 00:00:00.000', 'SYSTEM', '2023-12-01 00:00:00.000');
INSERT INTO tb_menu  (menu_id, application_id, menu_name, prntmenu_id, sort_odr, menu_url, menu_icon, remark, use_yn, created_by, created_at, updated_by, updated_at) VALUES ('NBSVB010', 'CMN', '알람내역조회', 'NBSVB000', '1', '', '', '', 'Y', 'SYSTEM', '2023-12-01 00:00:00.000', 'SYSTEM', '2023-12-01 00:00:00.000');
INSERT INTO tb_menu  (menu_id, application_id, menu_name, prntmenu_id, sort_odr, menu_url, menu_icon, remark, use_yn, created_by, created_at, updated_by, updated_at) VALUES ('NBSVB020', 'CMN', '알람조치이력조회', 'NBSVB000', '2', '', '', '', 'Y', 'SYSTEM', '2023-12-01 00:00:00.000', 'SYSTEM', '2023-12-01 00:00:00.000');
INSERT INTO tb_menu  (menu_id, application_id, menu_name, prntmenu_id, sort_odr, menu_url, menu_icon, remark, use_yn, created_by, created_at, updated_by, updated_at) VALUES ('NBSW0000', 'CMN', '보고서', 'NBS00000', '9', '', '', '', 'Y', 'SYSTEM', '2023-12-01 00:00:00.000', 'SYSTEM', '2023-12-01 00:00:00.000');
INSERT INTO tb_menu  (menu_id, application_id, menu_name, prntmenu_id, sort_odr, menu_url, menu_icon, remark, use_yn, created_by, created_at, updated_by, updated_at) VALUES ('NBSWA000', 'CMN', '환경설정', 'NBSW0000', '1', '', '', '', 'Y', 'SYSTEM', '2023-12-01 00:00:00.000', 'SYSTEM', '2023-12-01 00:00:00.000');
INSERT INTO tb_menu  (menu_id, application_id, menu_name, prntmenu_id, sort_odr, menu_url, menu_icon, remark, use_yn, created_by, created_at, updated_by, updated_at) VALUES ('NBSWA010', 'CMN', '테크등록', 'NBSWA000', '1', '', '', '', 'Y', 'SYSTEM', '2023-12-01 00:00:00.000', 'SYSTEM', '2023-12-01 00:00:00.000');
INSERT INTO tb_menu  (menu_id, application_id, menu_name, prntmenu_id, sort_odr, menu_url, menu_icon, remark, use_yn, created_by, created_at, updated_by, updated_at) VALUES ('NBSWA020', 'CMN', '데이터 연동 테스트', 'NBSWA000', '2', '', '', '', 'Y', 'SYSTEM', '2023-12-01 00:00:00.000', 'SYSTEM', '2023-12-01 00:00:00.000');
INSERT INTO tb_menu  (menu_id, application_id, menu_name, prntmenu_id, sort_odr, menu_url, menu_icon, remark, use_yn, created_by, created_at, updated_by, updated_at) VALUES ('NBSWB000', 'CMN', '보고서 설정', 'NBSW0000', '2', '', '', '', 'Y', 'SYSTEM', '2023-12-01 00:00:00.000', 'SYSTEM', '2023-12-01 00:00:00.000');
INSERT INTO tb_menu  (menu_id, application_id, menu_name, prntmenu_id, sort_odr, menu_url, menu_icon, remark, use_yn, created_by, created_at, updated_by, updated_at) VALUES ('NBSWB010', 'CMN', '보고서 기본정보', 'NBSWB000', '1', '', '', '', 'Y', 'SYSTEM', '2023-12-01 00:00:00.000', 'SYSTEM', '2023-12-01 00:00:00.000');
INSERT INTO tb_menu  (menu_id, application_id, menu_name, prntmenu_id, sort_odr, menu_url, menu_icon, remark, use_yn, created_by, created_at, updated_by, updated_at) VALUES ('NBSWB020', 'CMN', '생성정보', 'NBSWB000', '2', '', '', '', 'Y', 'SYSTEM', '2023-12-01 00:00:00.000', 'SYSTEM', '2023-12-01 00:00:00.000');
INSERT INTO tb_menu  (menu_id, application_id, menu_name, prntmenu_id, sort_odr, menu_url, menu_icon, remark, use_yn, created_by, created_at, updated_by, updated_at) VALUES ('NBSWB030', 'CMN', '시트정보', 'NBSWB000', '3', '', '', '', 'Y', 'SYSTEM', '2023-12-01 00:00:00.000', 'SYSTEM', '2023-12-01 00:00:00.000');
INSERT INTO tb_menu  (menu_id, application_id, menu_name, prntmenu_id, sort_odr, menu_url, menu_icon, remark, use_yn, created_by, created_at, updated_by, updated_at) VALUES ('NBSWB040', 'CMN', '포인트정보', 'NBSWB000', '4', '', '', '', 'Y', 'SYSTEM', '2023-12-01 00:00:00.000', 'SYSTEM', '2023-12-01 00:00:00.000');
INSERT INTO tb_menu  (menu_id, application_id, menu_name, prntmenu_id, sort_odr, menu_url, menu_icon, remark, use_yn, created_by, created_at, updated_by, updated_at) VALUES ('NBSWC000', 'CMN', '보고서 조회', 'NBSW0000', '3', '', '', '', 'Y', 'SYSTEM', '2023-12-01 00:00:00.000', 'SYSTEM', '2023-12-01 00:00:00.000');
INSERT INTO tb_menu  (menu_id, application_id, menu_name, prntmenu_id, sort_odr, menu_url, menu_icon, remark, use_yn, created_by, created_at, updated_by, updated_at) VALUES ('NBSWC010', 'CMN', 'BAS 보고서 자동생성', 'NBSWC000', '1', '', '', '', 'Y', 'SYSTEM', '2023-12-01 00:00:00.000', 'SYSTEM', '2023-12-01 00:00:00.000');
INSERT INTO tb_menu  (menu_id, application_id, menu_name, prntmenu_id, sort_odr, menu_url, menu_icon, remark, use_yn, created_by, created_at, updated_by, updated_at) VALUES ('NBSWC020', 'CMN', 'BEMS 보고서 자동생성', 'NBSWC000', '2', '', '', '', 'Y', 'SYSTEM', '2023-12-01 00:00:00.000', 'SYSTEM', '2023-12-01 00:00:00.000');
INSERT INTO tb_menu  (menu_id, application_id, menu_name, prntmenu_id, sort_odr, menu_url, menu_icon, remark, use_yn, created_by, created_at, updated_by, updated_at) VALUES ('NBSWC030', 'CMN', '보고서 조회', 'NBSWC000', '3', '', '', '', 'Y', 'SYSTEM', '2023-12-01 00:00:00.000', 'SYSTEM', '2023-12-01 00:00:00.000');
INSERT INTO tb_menu  (menu_id, application_id, menu_name, prntmenu_id, sort_odr, menu_url, menu_icon, remark, use_yn, created_by, created_at, updated_by, updated_at) VALUES ('NBSX0000', 'CMN', '기준정보', 'NBS00000', '10', '', '', '', 'Y', 'SYSTEM', '2023-12-01 00:00:00.000', 'SYSTEM', '2023-12-01 00:00:00.000');
INSERT INTO tb_menu  (menu_id, application_id, menu_name, prntmenu_id, sort_odr, menu_url, menu_icon, remark, use_yn, created_by, created_at, updated_by, updated_at) VALUES ('NBSXA000', 'CMN', '건물정보관리', 'NBSX0000', '1', '', '', '', 'Y', 'SYSTEM', '2023-12-01 00:00:00.000', 'SYSTEM', '2023-12-01 00:00:00.000');
INSERT INTO tb_menu  (menu_id, application_id, menu_name, prntmenu_id, sort_odr, menu_url, menu_icon, remark, use_yn, created_by, created_at, updated_by, updated_at) VALUES ('NBSXA010', 'CMN', '건물기본정보', 'NBSXA000', '1', '', '', '', 'Y', 'SYSTEM', '2023-12-01 00:00:00.000', 'SYSTEM', '2023-12-01 00:00:00.000');
INSERT INTO tb_menu  (menu_id, application_id, menu_name, prntmenu_id, sort_odr, menu_url, menu_icon, remark, use_yn, created_by, created_at, updated_by, updated_at) VALUES ('NBSXA020', 'CMN', '건물상세정보', 'NBSXA000', '2', '', '', '', 'Y', 'SYSTEM', '2023-12-01 00:00:00.000', 'SYSTEM', '2023-12-01 00:00:00.000');
INSERT INTO tb_menu  (menu_id, application_id, menu_name, prntmenu_id, sort_odr, menu_url, menu_icon, remark, use_yn, created_by, created_at, updated_by, updated_at) VALUES ('NBSXA030', 'CMN', '건물추가정보', 'NBSXA000', '3', '', '', '', 'Y', 'SYSTEM', '2023-12-01 00:00:00.000', 'SYSTEM', '2023-12-01 00:00:00.000');
INSERT INTO tb_menu  (menu_id, application_id, menu_name, prntmenu_id, sort_odr, menu_url, menu_icon, remark, use_yn, created_by, created_at, updated_by, updated_at) VALUES ('NBSXA040', 'CMN', '층정보', 'NBSXA000', '4', '', '', '', 'Y', 'SYSTEM', '2023-12-01 00:00:00.000', 'SYSTEM', '2023-12-01 00:00:00.000');
INSERT INTO tb_menu  (menu_id, application_id, menu_name, prntmenu_id, sort_odr, menu_url, menu_icon, remark, use_yn, created_by, created_at, updated_by, updated_at) VALUES ('NBSXA050', 'CMN', '수요처정보', 'NBSXA000', '5', '', '', '', 'Y', 'SYSTEM', '2023-12-01 00:00:00.000', 'SYSTEM', '2023-12-01 00:00:00.000');
INSERT INTO tb_menu  (menu_id, application_id, menu_name, prntmenu_id, sort_odr, menu_url, menu_icon, remark, use_yn, created_by, created_at, updated_by, updated_at) VALUES ('NBSXB000', 'CMN', '설비정보', 'NBSX0000', '2', '', '', '', 'Y', 'SYSTEM', '2023-12-01 00:00:00.000', 'SYSTEM', '2023-12-01 00:00:00.000');
INSERT INTO tb_menu  (menu_id, application_id, menu_name, prntmenu_id, sort_odr, menu_url, menu_icon, remark, use_yn, created_by, created_at, updated_by, updated_at) VALUES ('NBSXB010', 'CMN', '설비계통분류관리', 'NBSXB000', '1', '', '', '', 'Y', 'SYSTEM', '2023-12-01 00:00:00.000', 'SYSTEM', '2023-12-01 00:00:00.000');
INSERT INTO tb_menu  (menu_id, application_id, menu_name, prntmenu_id, sort_odr, menu_url, menu_icon, remark, use_yn, created_by, created_at, updated_by, updated_at) VALUES ('NBSXB020', 'CMN', '설비정보관리', 'NBSXB000', '2', '', '', '', 'Y', 'SYSTEM', '2023-12-01 00:00:00.000', 'SYSTEM', '2023-12-01 00:00:00.000');
INSERT INTO tb_menu  (menu_id, application_id, menu_name, prntmenu_id, sort_odr, menu_url, menu_icon, remark, use_yn, created_by, created_at, updated_by, updated_at) VALUES ('NBSXB030', 'CMN', '점검관리', 'NBSXB000', '3', '', '', '', 'Y', 'SYSTEM', '2023-12-01 00:00:00.000', 'SYSTEM', '2023-12-01 00:00:00.000');
INSERT INTO tb_menu  (menu_id, application_id, menu_name, prntmenu_id, sort_odr, menu_url, menu_icon, remark, use_yn, created_by, created_at, updated_by, updated_at) VALUES ('NBSXC000', 'CMN', '계측기정보', 'NBSX0000', '3', '', '', '', 'Y', 'SYSTEM', '2023-12-01 00:00:00.000', 'SYSTEM', '2023-12-01 00:00:00.000');
INSERT INTO tb_menu  (menu_id, application_id, menu_name, prntmenu_id, sort_odr, menu_url, menu_icon, remark, use_yn, created_by, created_at, updated_by, updated_at) VALUES ('NBSXC010', 'CMN', '계측기 정보', 'NBSXC000', '1', '', '', '', 'Y', 'SYSTEM', '2023-12-01 00:00:00.000', 'SYSTEM', '2023-12-01 00:00:00.000');
INSERT INTO tb_menu  (menu_id, application_id, menu_name, prntmenu_id, sort_odr, menu_url, menu_icon, remark, use_yn, created_by, created_at, updated_by, updated_at) VALUES ('NBSXC020', 'CMN', '검교정 정보', 'NBSXC000', '2', '', '', '', 'Y', 'SYSTEM', '2023-12-01 00:00:00.000', 'SYSTEM', '2023-12-01 00:00:00.000');
INSERT INTO tb_menu  (menu_id, application_id, menu_name, prntmenu_id, sort_odr, menu_url, menu_icon, remark, use_yn, created_by, created_at, updated_by, updated_at) VALUES ('NBSXD000', 'CMN', '관제점정보', 'NBSX0000', '4', '', '', '', 'Y', 'SYSTEM', '2023-12-01 00:00:00.000', 'SYSTEM', '2023-12-01 00:00:00.000');
INSERT INTO tb_menu  (menu_id, application_id, menu_name, prntmenu_id, sort_odr, menu_url, menu_icon, remark, use_yn, created_by, created_at, updated_by, updated_at) VALUES ('NBSXD010', 'CMN', '설비관제점정보', 'NBSXD000', '1', '', '', '', 'Y', 'SYSTEM', '2023-12-01 00:00:00.000', 'SYSTEM', '2023-12-01 00:00:00.000');
INSERT INTO tb_menu  (menu_id, application_id, menu_name, prntmenu_id, sort_odr, menu_url, menu_icon, remark, use_yn, created_by, created_at, updated_by, updated_at) VALUES ('NBSXD020', 'CMN', '환경관제점정보', 'NBSXD000', '2', '', '', '', 'Y', 'SYSTEM', '2023-12-01 00:00:00.000', 'SYSTEM', '2023-12-01 00:00:00.000');
INSERT INTO tb_menu  (menu_id, application_id, menu_name, prntmenu_id, sort_odr, menu_url, menu_icon, remark, use_yn, created_by, created_at, updated_by, updated_at) VALUES ('NBSXD030', 'CMN', '기타관제점정보', 'NBSXD000', '3', '', '', '', 'Y', 'SYSTEM', '2023-12-01 00:00:00.000', 'SYSTEM', '2023-12-01 00:00:00.000');
INSERT INTO tb_menu  (menu_id, application_id, menu_name, prntmenu_id, sort_odr, menu_url, menu_icon, remark, use_yn, created_by, created_at, updated_by, updated_at) VALUES ('NBSXD040', 'CMN', '관제점일람표', 'NBSXD000', '4', '', '', '', 'Y', 'SYSTEM', '2023-12-01 00:00:00.000', 'SYSTEM', '2023-12-01 00:00:00.000');
INSERT INTO tb_menu  (menu_id, application_id, menu_name, prntmenu_id, sort_odr, menu_url, menu_icon, remark, use_yn, created_by, created_at, updated_by, updated_at) VALUES ('NBSXD050', 'CMN', '태그생성정보', 'NBSXD000', '5', '', '', '', 'Y', 'SYSTEM', '2023-12-01 00:00:00.000', 'SYSTEM', '2023-12-01 00:00:00.000');
INSERT INTO tb_menu  (menu_id, application_id, menu_name, prntmenu_id, sort_odr, menu_url, menu_icon, remark, use_yn, created_by, created_at, updated_by, updated_at) VALUES ('NBSXE000', 'CMN', '환산계수관리', 'NBSX0000', '5', '', '', '', 'Y', 'SYSTEM', '2023-12-01 00:00:00.000', 'SYSTEM', '2023-12-01 00:00:00.000');
INSERT INTO tb_menu  (menu_id, application_id, menu_name, prntmenu_id, sort_odr, menu_url, menu_icon, remark, use_yn, created_by, created_at, updated_by, updated_at) VALUES ('NBSXE010', 'CMN', '환산계수관리', 'NBSXE000', '1', '', '', '', 'Y', 'SYSTEM', '2023-12-01 00:00:00.000', 'SYSTEM', '2023-12-01 00:00:00.000');
INSERT INTO tb_menu  (menu_id, application_id, menu_name, prntmenu_id, sort_odr, menu_url, menu_icon, remark, use_yn, created_by, created_at, updated_by, updated_at) VALUES ('NBSXF000', 'CMN', '에너지원별 정보관리', 'NBSX0000', '6', '', '', '', 'Y', 'SYSTEM', '2023-12-01 00:00:00.000', 'SYSTEM', '2023-12-01 00:00:00.000');
INSERT INTO tb_menu  (menu_id, application_id, menu_name, prntmenu_id, sort_odr, menu_url, menu_icon, remark, use_yn, created_by, created_at, updated_by, updated_at) VALUES ('NBSXF010', 'CMN', '에너지단가관리', 'NBSXF000', '1', '', '', '', 'Y', 'SYSTEM', '2023-12-01 00:00:00.000', 'SYSTEM', '2023-12-01 00:00:00.000');
INSERT INTO tb_menu  (menu_id, application_id, menu_name, prntmenu_id, sort_odr, menu_url, menu_icon, remark, use_yn, created_by, created_at, updated_by, updated_at) VALUES ('NBSXF020', 'CMN', '에너지원별 정보관리', 'NBSXF000', '2', '', '', '', 'Y', 'SYSTEM', '2023-12-01 00:00:00.000', 'SYSTEM', '2023-12-01 00:00:00.000');
INSERT INTO tb_menu  (menu_id, application_id, menu_name, prntmenu_id, sort_odr, menu_url, menu_icon, remark, use_yn, created_by, created_at, updated_by, updated_at) VALUES ('NBSXG000', 'CMN', '에너지베이스라인', 'NBSX0000', '7', '', '', '', 'Y', 'SYSTEM', '2023-12-01 00:00:00.000', 'SYSTEM', '2023-12-01 00:00:00.000');
INSERT INTO tb_menu  (menu_id, application_id, menu_name, prntmenu_id, sort_odr, menu_url, menu_icon, remark, use_yn, created_by, created_at, updated_by, updated_at) VALUES ('NBSXG010', 'CMN', '에너지베이스라인관리', 'NBSXG000', '1', '', '', '', 'Y', 'SYSTEM', '2023-12-01 00:00:00.000', 'SYSTEM', '2023-12-01 00:00:00.000');
INSERT INTO tb_menu  (menu_id, application_id, menu_name, prntmenu_id, sort_odr, menu_url, menu_icon, remark, use_yn, created_by, created_at, updated_by, updated_at) VALUES ('NBSXG020', 'CMN', '시뮬레이션데이터관리', 'NBSXG000', '2', '', '', '', 'Y', 'SYSTEM', '2023-12-01 00:00:00.000', 'SYSTEM', '2023-12-01 00:00:00.000');
INSERT INTO tb_menu  (menu_id, application_id, menu_name, prntmenu_id, sort_odr, menu_url, menu_icon, remark, use_yn, created_by, created_at, updated_by, updated_at) VALUES ('NBSXH000', 'CMN', '교육관리', 'NBSX0000', '8', '', '', '', 'Y', 'SYSTEM', '2023-12-01 00:00:00.000', 'SYSTEM', '2023-12-01 00:00:00.000');
INSERT INTO tb_menu  (menu_id, application_id, menu_name, prntmenu_id, sort_odr, menu_url, menu_icon, remark, use_yn, created_by, created_at, updated_by, updated_at) VALUES ('NBSXH010', 'CMN', '교육정보관리', 'NBSXH000', '1', '', '', '', 'Y', 'SYSTEM', '2023-12-01 00:00:00.000', 'SYSTEM', '2023-12-01 00:00:00.000');
INSERT INTO tb_menu  (menu_id, application_id, menu_name, prntmenu_id, sort_odr, menu_url, menu_icon, remark, use_yn, created_by, created_at, updated_by, updated_at) VALUES ('NBSXH020', 'CMN', '교육이수관리', 'NBSXH000', '2', '', '', '', 'Y', 'SYSTEM', '2023-12-01 00:00:00.000', 'SYSTEM', '2023-12-01 00:00:00.000');
INSERT INTO tb_menu  (menu_id, application_id, menu_name, prntmenu_id, sort_odr, menu_url, menu_icon, remark, use_yn, created_by, created_at, updated_by, updated_at) VALUES ('NBSXI000', 'CMN', '도면정보', 'NBSX0000', '9', '', '', '', 'Y', 'SYSTEM', '2023-12-01 00:00:00.000', 'SYSTEM', '2023-12-01 00:00:00.000');
INSERT INTO tb_menu  (menu_id, application_id, menu_name, prntmenu_id, sort_odr, menu_url, menu_icon, remark, use_yn, created_by, created_at, updated_by, updated_at) VALUES ('NBSXI010', 'CMN', '도면정보', 'NBSXI000', '1', '', '', '', 'Y', 'SYSTEM', '2023-12-01 00:00:00.000', 'SYSTEM', '2023-12-01 00:00:00.000');
INSERT INTO tb_menu  (menu_id, application_id, menu_name, prntmenu_id, sort_odr, menu_url, menu_icon, remark, use_yn, created_by, created_at, updated_by, updated_at) VALUES ('NBSXJ000', 'CMN', 'BAS Point Sheet', 'NBSX0000', '10', '', '', '', 'Y', 'SYSTEM', '2023-12-01 00:00:00.000', 'SYSTEM', '2023-12-01 00:00:00.000');
INSERT INTO tb_menu  (menu_id, application_id, menu_name, prntmenu_id, sort_odr, menu_url, menu_icon, remark, use_yn, created_by, created_at, updated_by, updated_at) VALUES ('NBSXJ010', 'CMN', 'BAS Point Sheet', 'NBSXJ000', '1', '', '', '', 'Y', 'SYSTEM', '2023-12-01 00:00:00.000', 'SYSTEM', '2023-12-01 00:00:00.000');
INSERT INTO tb_menu  (menu_id, application_id, menu_name, prntmenu_id, sort_odr, menu_url, menu_icon, remark, use_yn, created_by, created_at, updated_by, updated_at) VALUES ('NBSZ0000', 'CMN', '시스템관리', 'NBS00000', '11', '', '', '', 'Y', 'SYSTEM', '2023-12-01 00:00:00.000', 'SYSTEM', '2023-12-01 00:00:00.000');
INSERT INTO tb_menu  (menu_id, application_id, menu_name, prntmenu_id, sort_odr, menu_url, menu_icon, remark, use_yn, created_by, created_at, updated_by, updated_at) VALUES ('NBSZA000', 'CMN', '공통코드관리', 'NBSZ0000', '1', '', '', '', 'Y', 'SYSTEM', '2023-12-01 00:00:00.000', 'SYSTEM', '2023-12-01 00:00:00.000');
INSERT INTO tb_menu  (menu_id, application_id, menu_name, prntmenu_id, sort_odr, menu_url, menu_icon, remark, use_yn, created_by, created_at, updated_by, updated_at) VALUES ('NBSZA010', 'CMN', '공통코드관리', 'NBSZA000', '1', '', '', '', 'Y', 'SYSTEM', '2023-12-01 00:00:00.000', 'SYSTEM', '2023-12-01 00:00:00.000');
INSERT INTO tb_menu  (menu_id, application_id, menu_name, prntmenu_id, sort_odr, menu_url, menu_icon, remark, use_yn, created_by, created_at, updated_by, updated_at) VALUES ('NBSZB000', 'CMN', '사용자관리', 'NBSZ0000', '2', '', '', '', 'Y', 'SYSTEM', '2023-12-01 00:00:00.000', 'SYSTEM', '2023-12-01 00:00:00.000');
INSERT INTO tb_menu  (menu_id, application_id, menu_name, prntmenu_id, sort_odr, menu_url, menu_icon, remark, use_yn, created_by, created_at, updated_by, updated_at) VALUES ('NBSZB010', 'CMN', '사용자관리', 'NBSZB000', '1', '', '', '', 'Y', 'SYSTEM', '2023-12-01 00:00:00.000', 'SYSTEM', '2023-12-01 00:00:00.000');
INSERT INTO tb_menu  (menu_id, application_id, menu_name, prntmenu_id, sort_odr, menu_url, menu_icon, remark, use_yn, created_by, created_at, updated_by, updated_at) VALUES ('NBSZC000', 'CMN', '프로그램관리', 'NBSZ0000', '3', '', '', '', 'Y', 'SYSTEM', '2023-12-01 00:00:00.000', 'SYSTEM', '2023-12-01 00:00:00.000');
INSERT INTO tb_menu  (menu_id, application_id, menu_name, prntmenu_id, sort_odr, menu_url, menu_icon, remark, use_yn, created_by, created_at, updated_by, updated_at) VALUES ('NBSZC010', 'CMN', '메뉴관리', 'NBSZC000', '1', '', '', '', 'Y', 'SYSTEM', '2023-12-01 00:00:00.000', 'SYSTEM', '2023-12-01 00:00:00.000');
INSERT INTO tb_menu  (menu_id, application_id, menu_name, prntmenu_id, sort_odr, menu_url, menu_icon, remark, use_yn, created_by, created_at, updated_by, updated_at) VALUES ('NBSZD000', 'CMN', '권한관리', 'NBSZ0000', '4', '', '', '', 'Y', 'SYSTEM', '2023-11-27 19:53:25.548', 'SYSTEM', '2023-11-27 19:53:25.548');
INSERT INTO tb_menu  (menu_id, application_id, menu_name, prntmenu_id, sort_odr, menu_url, menu_icon, remark, use_yn, created_by, created_at, updated_by, updated_at) VALUES ('NBSZD010', 'CMN', '권한그룹관리', 'NBSZD000', '1', '', '', '', 'Y', 'SYSTEM', '2023-11-27 19:53:25.573', 'SYSTEM', '2023-11-27 19:53:25.573');
INSERT INTO tb_menu  (menu_id, application_id, menu_name, prntmenu_id, sort_odr, menu_url, menu_icon, remark, use_yn, created_by, created_at, updated_by, updated_at) VALUES ('NBSZD020', 'CMN', '권한그룹별사용자관리', 'NBSZD000', '2', '', '', '', 'Y', 'SYSTEM', '2023-12-01 00:00:00.000', 'SYSTEM', '2023-12-01 00:00:00.000');
INSERT INTO tb_menu  (menu_id, application_id, menu_name, prntmenu_id, sort_odr, menu_url, menu_icon, remark, use_yn, created_by, created_at, updated_by, updated_at) VALUES ('NBSZD030', 'CMN', '권한그룹별메뉴관리', 'NBSZD000', '3', '', '', '', 'Y', 'SYSTEM', '2023-12-01 00:00:00.000', 'SYSTEM', '2023-12-01 00:00:00.000');
INSERT INTO tb_menu  (menu_id, application_id, menu_name, prntmenu_id, sort_odr, menu_url, menu_icon, remark, use_yn, created_by, created_at, updated_by, updated_at) VALUES ('NBSZE000', 'CMN', '데이터백업/복구', 'NBSZ0000', '5', '', '', '', 'Y', 'SYSTEM', '2023-12-01 00:00:00.000', 'SYSTEM', '2023-12-01 00:00:00.000');
INSERT INTO tb_menu  (menu_id, application_id, menu_name, prntmenu_id, sort_odr, menu_url, menu_icon, remark, use_yn, created_by, created_at, updated_by, updated_at) VALUES ('NBSZE010', 'CMN', '백업', 'NBSZE000', '1', '', '', '', 'Y', 'SYSTEM', '2023-12-01 00:00:00.000', 'SYSTEM', '2023-12-01 00:00:00.000');
INSERT INTO tb_menu  (menu_id, application_id, menu_name, prntmenu_id, sort_odr, menu_url, menu_icon, remark, use_yn, created_by, created_at, updated_by, updated_at) VALUES ('NBSZE020', 'CMN', '복구', 'NBSZE000', '2', '', '', '', 'Y', 'SYSTEM', '2023-12-01 00:00:00.000', 'SYSTEM', '2023-12-01 00:00:00.000');
INSERT INTO tb_menu  (menu_id, application_id, menu_name, prntmenu_id, sort_odr, menu_url, menu_icon, remark, use_yn, created_by, created_at, updated_by, updated_at) VALUES ('NBSZE030', 'CMN', '수동백업/복구 이력관리', 'NBSZE000', '3', '', '', '', 'Y', 'SYSTEM', '2023-12-01 00:00:00.000', 'SYSTEM', '2023-12-01 00:00:00.000');
INSERT INTO tb_menu  (menu_id, application_id, menu_name, prntmenu_id, sort_odr, menu_url, menu_icon, remark, use_yn, created_by, created_at, updated_by, updated_at) VALUES ('NBSZF000', 'CMN', '로그', 'NBSZ0000', '6', '', '', '', 'Y', 'SYSTEM', '2023-12-01 00:00:00.000', 'SYSTEM', '2023-12-01 00:00:00.000');
INSERT INTO tb_menu  (menu_id, application_id, menu_name, prntmenu_id, sort_odr, menu_url, menu_icon, remark, use_yn, created_by, created_at, updated_by, updated_at) VALUES ('NBSZF010', 'CMN', '이용로그보기', 'NBSZF000', '1', '', '', '', 'Y', 'SYSTEM', '2023-12-01 00:00:00.000', 'SYSTEM', '2023-12-01 00:00:00.000');
INSERT INTO tb_menu  (menu_id, application_id, menu_name, prntmenu_id, sort_odr, menu_url, menu_icon, remark, use_yn, created_by, created_at, updated_by, updated_at) VALUES ('NBSZF020', 'CMN', '예외발생 로그 보기', 'NBSZF000', '2', '', '', '', 'Y', 'SYSTEM', '2023-12-01 00:00:00.000', 'SYSTEM', '2023-12-01 00:00:00.000');

-- BAS 메뉴 추가
INSERT INTO tb_menu  (menu_id, application_id, menu_name, prntmenu_id, sort_odr, menu_url, menu_icon, remark, use_yn, created_by, created_at, updated_by, updated_at) VALUES ('NBSZBAS00', 'BAS', '설비 현황', 'NBS00000', '2', '', '', '', 'Y', 'SYSTEM', '2023-12-01 00:00:00.000', 'SYSTEM', '2023-12-01 00:00:00.000');
INSERT INTO tb_menu  (menu_id, application_id, menu_name, prntmenu_id, sort_odr, menu_url, menu_icon, remark, use_yn, created_by, created_at, updated_by, updated_at) VALUES ('NBSZBAS01', 'BAS', '공조기 제어', 'NBSZBAS00', '2', '', '', '', 'Y', 'SYSTEM', '2023-12-01 00:00:00.000', 'SYSTEM', '2023-12-01 00:00:00.000');
INSERT INTO tb_menu  (menu_id, application_id, menu_name, prntmenu_id, sort_odr, menu_url, menu_icon, remark, use_yn, created_by, created_at, updated_by, updated_at) VALUES ('NBSZBAS02', 'BAS', '냉각기 제어', 'NBSZBAS00', '2', '', '', '', 'Y', 'SYSTEM', '2023-12-01 00:00:00.000', 'SYSTEM', '2023-12-01 00:00:00.000');

INSERT INTO tb_commoncode (code_id, prntcode_id, code_name, code_desc, sort_odr, use_yn, remark, sprfield1, sprfield2, sprfield3, sprfield4, sprfield5, created_by, created_at, updated_by, updated_at) VALUES ('A010000', '0000000000', '직급', '직급 분류 코드', '1', 'Y', NULL, NULL, NULL, NULL, NULL, NULL, 'SYSTEM', '2023-11-30 00:00:00.000', 'SYSTEM', '2023-11-30 00:00:00.000');
INSERT INTO tb_commoncode (code_id, prntcode_id, code_name, code_desc, sort_odr, use_yn, remark, sprfield1, sprfield2, sprfield3, sprfield4, sprfield5, created_by, created_at, updated_by, updated_at) VALUES ('A010001', 'A010000', '사원', NULL, '1', 'Y', NULL, NULL, NULL, NULL, NULL, NULL, 'SYSTEM', '2023-11-30 00:00:00.000', 'SYSTEM', '2023-11-30 00:00:00.000');
INSERT INTO tb_commoncode (code_id, prntcode_id, code_name, code_desc, sort_odr, use_yn, remark, sprfield1, sprfield2, sprfield3, sprfield4, sprfield5, created_by, created_at, updated_by, updated_at) VALUES ('A010002', 'A010000', '대리', NULL, '2', 'Y', NULL, NULL, NULL, NULL, NULL, NULL, 'SYSTEM', '2023-11-30 00:00:00.000', 'SYSTEM', '2023-11-30 00:00:00.000');
INSERT INTO tb_commoncode (code_id, prntcode_id, code_name, code_desc, sort_odr, use_yn, remark, sprfield1, sprfield2, sprfield3, sprfield4, sprfield5, created_by, created_at, updated_by, updated_at) VALUES ('A010003', 'A010000', '과장', NULL, '3', 'Y', NULL, NULL, NULL, NULL, NULL, NULL, 'SYSTEM', '2023-11-30 00:00:00.000', 'SYSTEM', '2023-11-30 00:00:00.000');
INSERT INTO tb_commoncode (code_id, prntcode_id, code_name, code_desc, sort_odr, use_yn, remark, sprfield1, sprfield2, sprfield3, sprfield4, sprfield5, created_by, created_at, updated_by, updated_at) VALUES ('A010004', 'A010000', '차장', NULL, '4', 'Y', NULL, NULL, NULL, NULL, NULL, NULL, 'SYSTEM', '2023-11-30 00:00:00.000', 'SYSTEM', '2023-11-30 00:00:00.000');
INSERT INTO tb_commoncode (code_id, prntcode_id, code_name, code_desc, sort_odr, use_yn, remark, sprfield1, sprfield2, sprfield3, sprfield4, sprfield5, created_by, created_at, updated_by, updated_at) VALUES ('A010005', 'A010000', '부장', NULL, '5', 'Y', NULL, NULL, NULL, NULL, NULL, NULL, 'SYSTEM', '2023-11-30 00:00:00.000', 'SYSTEM', '2023-11-30 00:00:00.000');
INSERT INTO tb_commoncode (code_id, prntcode_id, code_name, code_desc, sort_odr, use_yn, remark, sprfield1, sprfield2, sprfield3, sprfield4, sprfield5, created_by, created_at, updated_by, updated_at) VALUES ('A010006', 'A010000', '소장', NULL, '6', 'Y', NULL, NULL, NULL, NULL, NULL, NULL, 'SYSTEM', '2023-11-30 00:00:00.000', 'SYSTEM', '2023-11-30 00:00:00.000');
INSERT INTO tb_commoncode (code_id, prntcode_id, code_name, code_desc, sort_odr, use_yn, remark, sprfield1, sprfield2, sprfield3, sprfield4, sprfield5, created_by, created_at, updated_by, updated_at) VALUES ('A010007', 'A010000', '임원', NULL, '7', 'Y', NULL, NULL, NULL, NULL, NULL, NULL, 'SYSTEM', '2023-11-30 00:00:00.000', 'SYSTEM', '2023-11-30 00:00:00.000');
INSERT INTO tb_commoncode (code_id, prntcode_id, code_name, code_desc, sort_odr, use_yn, remark, sprfield1, sprfield2, sprfield3, sprfield4, sprfield5, created_by, created_at, updated_by, updated_at) VALUES ('A010008', 'A010000', '사장', NULL, '8', 'Y', NULL, NULL, NULL, NULL, NULL, NULL, 'SYSTEM', '2023-11-30 00:00:00.000', 'SYSTEM', '2023-11-30 00:00:00.000');
INSERT INTO tb_commoncode (code_id, prntcode_id, code_name, code_desc, sort_odr, use_yn, remark, sprfield1, sprfield2, sprfield3, sprfield4, sprfield5, created_by, created_at, updated_by, updated_at) VALUES ('A010009', 'A010000', '대표', NULL, '9', 'Y', NULL, NULL, NULL, NULL, NULL, NULL, 'SYSTEM', '2023-11-30 00:00:00.000', 'SYSTEM', '2023-11-30 00:00:00.000');
INSERT INTO tb_commoncode (code_id, prntcode_id, code_name, code_desc, sort_odr, use_yn, remark, sprfield1, sprfield2, sprfield3, sprfield4, sprfield5, created_by, created_at, updated_by, updated_at) VALUES ('A010010', 'A010000', '회장', NULL, '10', 'Y', NULL, NULL, NULL, NULL, NULL, NULL, 'SYSTEM', '2023-11-30 00:00:00.000', 'SYSTEM', '2023-11-30 00:00:00.000');
INSERT INTO tb_commoncode (code_id, prntcode_id, code_name, code_desc, sort_odr, use_yn, remark, sprfield1, sprfield2, sprfield3, sprfield4, sprfield5, created_by, created_at, updated_by, updated_at) VALUES ('A010011', 'A010000', '매니저', NULL, '11', 'Y', NULL, NULL, NULL, NULL, NULL, NULL, 'SYSTEM', '2023-11-30 00:00:00.000', 'SYSTEM', '2023-11-30 00:00:00.000');
INSERT INTO tb_commoncode (code_id, prntcode_id, code_name, code_desc, sort_odr, use_yn, remark, sprfield1, sprfield2, sprfield3, sprfield4, sprfield5, created_by, created_at, updated_by, updated_at) VALUES ('A010012', 'A010000', '프로', NULL, '12', 'Y', NULL, NULL, NULL, NULL, NULL, NULL, 'SYSTEM', '2023-11-30 00:00:00.000', 'SYSTEM', '2023-11-30 00:00:00.000');
INSERT INTO tb_commoncode (code_id, prntcode_id, code_name, code_desc, sort_odr, use_yn, remark, sprfield1, sprfield2, sprfield3, sprfield4, sprfield5, created_by, created_at, updated_by, updated_at) VALUES ('A010013', 'A010000', '연구원', NULL, '13', 'Y', NULL, NULL, NULL, NULL, NULL, NULL, 'SYSTEM', '2023-11-30 00:00:00.000', 'SYSTEM', '2023-11-30 00:00:00.000');
INSERT INTO tb_commoncode (code_id, prntcode_id, code_name, code_desc, sort_odr, use_yn, remark, sprfield1, sprfield2, sprfield3, sprfield4, sprfield5, created_by, created_at, updated_by, updated_at) VALUES ('A010014', 'A010000', '주임연구원', NULL, '14', 'Y', NULL, NULL, NULL, NULL, NULL, NULL, 'SYSTEM', '2023-11-30 00:00:00.000', 'SYSTEM', '2023-11-30 00:00:00.000');
INSERT INTO tb_commoncode (code_id, prntcode_id, code_name, code_desc, sort_odr, use_yn, remark, sprfield1, sprfield2, sprfield3, sprfield4, sprfield5, created_by, created_at, updated_by, updated_at) VALUES ('A010015', 'A010000', '전임연구원', NULL, '15', 'Y', NULL, NULL, NULL, NULL, NULL, NULL, 'SYSTEM', '2023-11-30 00:00:00.000', 'SYSTEM', '2023-11-30 00:00:00.000');
INSERT INTO tb_commoncode (code_id, prntcode_id, code_name, code_desc, sort_odr, use_yn, remark, sprfield1, sprfield2, sprfield3, sprfield4, sprfield5, created_by, created_at, updated_by, updated_at) VALUES ('A010016', 'A010000', '선임연구원', NULL, '16', 'Y', NULL, NULL, NULL, NULL, NULL, NULL, 'SYSTEM', '2023-11-30 00:00:00.000', 'SYSTEM', '2023-11-30 00:00:00.000');
INSERT INTO tb_commoncode (code_id, prntcode_id, code_name, code_desc, sort_odr, use_yn, remark, sprfield1, sprfield2, sprfield3, sprfield4, sprfield5, created_by, created_at, updated_by, updated_at) VALUES ('A010017', 'A010000', '책임연구원', NULL, '17', 'Y', NULL, NULL, NULL, NULL, NULL, NULL, 'SYSTEM', '2023-11-30 00:00:00.000', 'SYSTEM', '2023-11-30 00:00:00.000');
INSERT INTO tb_commoncode (code_id, prntcode_id, code_name, code_desc, sort_odr, use_yn, remark, sprfield1, sprfield2, sprfield3, sprfield4, sprfield5, created_by, created_at, updated_by, updated_at) VALUES ('A010018', 'A010000', '수석연구원', NULL, '18', 'Y', NULL, NULL, NULL, NULL, NULL, NULL, 'SYSTEM', '2023-11-30 00:00:00.000', 'SYSTEM', '2023-11-30 00:00:00.000');
INSERT INTO tb_commoncode (code_id, prntcode_id, code_name, code_desc, sort_odr, use_yn, remark, sprfield1, sprfield2, sprfield3, sprfield4, sprfield5, created_by, created_at, updated_by, updated_at) VALUES ('A010019', 'A010000', '연구원장', NULL, '19', 'Y', NULL, NULL, NULL, NULL, NULL, NULL, 'SYSTEM', '2023-11-30 00:00:00.000', 'SYSTEM', '2023-11-30 00:00:00.000');
INSERT INTO tb_commoncode (code_id, prntcode_id, code_name, code_desc, sort_odr, use_yn, remark, sprfield1, sprfield2, sprfield3, sprfield4, sprfield5, created_by, created_at, updated_by, updated_at) VALUES ('A010020', 'A010000', '엔지니어', NULL, '20', 'Y', NULL, NULL, NULL, NULL, NULL, NULL, 'SYSTEM', '2023-11-30 00:00:00.000', 'SYSTEM', '2023-11-30 00:00:00.000');
INSERT INTO tb_commoncode (code_id, prntcode_id, code_name, code_desc, sort_odr, use_yn, remark, sprfield1, sprfield2, sprfield3, sprfield4, sprfield5, created_by, created_at, updated_by, updated_at) VALUES ('A010021', 'A010000', '선임엔지니어', NULL, '21', 'Y', NULL, NULL, NULL, NULL, NULL, NULL, 'SYSTEM', '2023-11-30 00:00:00.000', 'SYSTEM', '2023-11-30 00:00:00.000');
INSERT INTO tb_commoncode (code_id, prntcode_id, code_name, code_desc, sort_odr, use_yn, remark, sprfield1, sprfield2, sprfield3, sprfield4, sprfield5, created_by, created_at, updated_by, updated_at) VALUES ('A010022', 'A010000', '책임엔지니어', NULL, '22', 'Y', NULL, NULL, NULL, NULL, NULL, NULL, 'SYSTEM', '2023-11-30 00:00:00.000', 'SYSTEM', '2023-11-30 00:00:00.000');
INSERT INTO tb_commoncode (code_id, prntcode_id, code_name, code_desc, sort_odr, use_yn, remark, sprfield1, sprfield2, sprfield3, sprfield4, sprfield5, created_by, created_at, updated_by, updated_at) VALUES ('A020000', '0000000000', '시설물 종류', '건축물용도', '2', 'Y', NULL, NULL, NULL, NULL, NULL, NULL, 'SYSTEM', '2023-11-30 00:00:00.000', 'SYSTEM', '2023-11-30 00:00:00.000');
INSERT INTO tb_commoncode (code_id, prntcode_id, code_name, code_desc, sort_odr, use_yn, remark, sprfield1, sprfield2, sprfield3, sprfield4, sprfield5, created_by, created_at, updated_by, updated_at) VALUES ('A020001', 'A020000', '단독주택', NULL, '1', 'Y', NULL, NULL, NULL, NULL, NULL, NULL, 'SYSTEM', '2023-11-30 00:00:00.000', 'SYSTEM', '2023-11-30 00:00:00.000');
INSERT INTO tb_commoncode (code_id, prntcode_id, code_name, code_desc, sort_odr, use_yn, remark, sprfield1, sprfield2, sprfield3, sprfield4, sprfield5, created_by, created_at, updated_by, updated_at) VALUES ('A020002', 'A020000', '공동주택', NULL, '2', 'Y', NULL, NULL, NULL, NULL, NULL, NULL, 'SYSTEM', '2023-11-30 00:00:00.000', 'SYSTEM', '2023-11-30 00:00:00.000');
INSERT INTO tb_commoncode (code_id, prntcode_id, code_name, code_desc, sort_odr, use_yn, remark, sprfield1, sprfield2, sprfield3, sprfield4, sprfield5, created_by, created_at, updated_by, updated_at) VALUES ('A020003', 'A020000', '제1종 근린생활시설', NULL, '3', 'Y', NULL, NULL, NULL, NULL, NULL, NULL, 'SYSTEM', '2023-11-30 00:00:00.000', 'SYSTEM', '2023-11-30 00:00:00.000');
INSERT INTO tb_commoncode (code_id, prntcode_id, code_name, code_desc, sort_odr, use_yn, remark, sprfield1, sprfield2, sprfield3, sprfield4, sprfield5, created_by, created_at, updated_by, updated_at) VALUES ('A020004', 'A020000', '제2종 근린생활시설', NULL, '4', 'Y', NULL, NULL, NULL, NULL, NULL, NULL, 'SYSTEM', '2023-11-30 00:00:00.000', 'SYSTEM', '2023-11-30 00:00:00.000');
INSERT INTO tb_commoncode (code_id, prntcode_id, code_name, code_desc, sort_odr, use_yn, remark, sprfield1, sprfield2, sprfield3, sprfield4, sprfield5, created_by, created_at, updated_by, updated_at) VALUES ('A020005', 'A020000', '문화 및 집회시설', NULL, '5', 'Y', NULL, NULL, NULL, NULL, NULL, NULL, 'SYSTEM', '2023-11-30 00:00:00.000', 'SYSTEM', '2023-11-30 00:00:00.000');
INSERT INTO tb_commoncode (code_id, prntcode_id, code_name, code_desc, sort_odr, use_yn, remark, sprfield1, sprfield2, sprfield3, sprfield4, sprfield5, created_by, created_at, updated_by, updated_at) VALUES ('A020006', 'A020000', '종교시설', NULL, '6', 'Y', NULL, NULL, NULL, NULL, NULL, NULL, 'SYSTEM', '2023-11-30 00:00:00.000', 'SYSTEM', '2023-11-30 00:00:00.000');
INSERT INTO tb_commoncode (code_id, prntcode_id, code_name, code_desc, sort_odr, use_yn, remark, sprfield1, sprfield2, sprfield3, sprfield4, sprfield5, created_by, created_at, updated_by, updated_at) VALUES ('A020007', 'A020000', '판매시설', NULL, '7', 'Y', NULL, NULL, NULL, NULL, NULL, NULL, 'SYSTEM', '2023-11-30 00:00:00.000', 'SYSTEM', '2023-11-30 00:00:00.000');
INSERT INTO tb_commoncode (code_id, prntcode_id, code_name, code_desc, sort_odr, use_yn, remark, sprfield1, sprfield2, sprfield3, sprfield4, sprfield5, created_by, created_at, updated_by, updated_at) VALUES ('A020008', 'A020000', '운수시설', NULL, '8', 'Y', NULL, NULL, NULL, NULL, NULL, NULL, 'SYSTEM', '2023-11-30 00:00:00.000', 'SYSTEM', '2023-11-30 00:00:00.000');
INSERT INTO tb_commoncode (code_id, prntcode_id, code_name, code_desc, sort_odr, use_yn, remark, sprfield1, sprfield2, sprfield3, sprfield4, sprfield5, created_by, created_at, updated_by, updated_at) VALUES ('A020009', 'A020000', '의료시설', NULL, '9', 'Y', NULL, NULL, NULL, NULL, NULL, NULL, 'SYSTEM', '2023-11-30 00:00:00.000', 'SYSTEM', '2023-11-30 00:00:00.000');
INSERT INTO tb_commoncode (code_id, prntcode_id, code_name, code_desc, sort_odr, use_yn, remark, sprfield1, sprfield2, sprfield3, sprfield4, sprfield5, created_by, created_at, updated_by, updated_at) VALUES ('A020010', 'A020000', '교육연구시설', NULL, '10', 'Y', NULL, NULL, NULL, NULL, NULL, NULL, 'SYSTEM', '2023-11-30 00:00:00.000', 'SYSTEM', '2023-11-30 00:00:00.000');
INSERT INTO tb_commoncode (code_id, prntcode_id, code_name, code_desc, sort_odr, use_yn, remark, sprfield1, sprfield2, sprfield3, sprfield4, sprfield5, created_by, created_at, updated_by, updated_at) VALUES ('A020011', 'A020000', '노유자시설', NULL, '11', 'Y', NULL, NULL, NULL, NULL, NULL, NULL, 'SYSTEM', '2023-11-30 00:00:00.000', 'SYSTEM', '2023-11-30 00:00:00.000');
INSERT INTO tb_commoncode (code_id, prntcode_id, code_name, code_desc, sort_odr, use_yn, remark, sprfield1, sprfield2, sprfield3, sprfield4, sprfield5, created_by, created_at, updated_by, updated_at) VALUES ('A020012', 'A020000', '수련시설', NULL, '12', 'Y', NULL, NULL, NULL, NULL, NULL, NULL, 'SYSTEM', '2023-11-30 00:00:00.000', 'SYSTEM', '2023-11-30 00:00:00.000');
INSERT INTO tb_commoncode (code_id, prntcode_id, code_name, code_desc, sort_odr, use_yn, remark, sprfield1, sprfield2, sprfield3, sprfield4, sprfield5, created_by, created_at, updated_by, updated_at) VALUES ('A020013', 'A020000', '운동시설', NULL, '13', 'Y', NULL, NULL, NULL, NULL, NULL, NULL, 'SYSTEM', '2023-11-30 00:00:00.000', 'SYSTEM', '2023-11-30 00:00:00.000');
INSERT INTO tb_commoncode (code_id, prntcode_id, code_name, code_desc, sort_odr, use_yn, remark, sprfield1, sprfield2, sprfield3, sprfield4, sprfield5, created_by, created_at, updated_by, updated_at) VALUES ('A020014', 'A020000', '업무시설', NULL, '14', 'Y', NULL, NULL, NULL, NULL, NULL, NULL, 'SYSTEM', '2023-11-30 00:00:00.000', 'SYSTEM', '2023-11-30 00:00:00.000');
INSERT INTO tb_commoncode (code_id, prntcode_id, code_name, code_desc, sort_odr, use_yn, remark, sprfield1, sprfield2, sprfield3, sprfield4, sprfield5, created_by, created_at, updated_by, updated_at) VALUES ('A020015', 'A020000', '숙박시설', NULL, '15', 'Y', NULL, NULL, NULL, NULL, NULL, NULL, 'SYSTEM', '2023-11-30 00:00:00.000', 'SYSTEM', '2023-11-30 00:00:00.000');
INSERT INTO tb_commoncode (code_id, prntcode_id, code_name, code_desc, sort_odr, use_yn, remark, sprfield1, sprfield2, sprfield3, sprfield4, sprfield5, created_by, created_at, updated_by, updated_at) VALUES ('A020016', 'A020000', '위락시설', NULL, '16', 'Y', NULL, NULL, NULL, NULL, NULL, NULL, 'SYSTEM', '2023-11-30 00:00:00.000', 'SYSTEM', '2023-11-30 00:00:00.000');
INSERT INTO tb_commoncode (code_id, prntcode_id, code_name, code_desc, sort_odr, use_yn, remark, sprfield1, sprfield2, sprfield3, sprfield4, sprfield5, created_by, created_at, updated_by, updated_at) VALUES ('A020017', 'A020000', '공장', NULL, '17', 'Y', NULL, NULL, NULL, NULL, NULL, NULL, 'SYSTEM', '2023-11-30 00:00:00.000', 'SYSTEM', '2023-11-30 00:00:00.000');
INSERT INTO tb_commoncode (code_id, prntcode_id, code_name, code_desc, sort_odr, use_yn, remark, sprfield1, sprfield2, sprfield3, sprfield4, sprfield5, created_by, created_at, updated_by, updated_at) VALUES ('A020018', 'A020000', '창고시설', NULL, '18', 'Y', NULL, NULL, NULL, NULL, NULL, NULL, 'SYSTEM', '2023-11-30 00:00:00.000', 'SYSTEM', '2023-11-30 00:00:00.000');
INSERT INTO tb_commoncode (code_id, prntcode_id, code_name, code_desc, sort_odr, use_yn, remark, sprfield1, sprfield2, sprfield3, sprfield4, sprfield5, created_by, created_at, updated_by, updated_at) VALUES ('A020019', 'A020000', '위험물 저장 및 처리 시설', NULL, '19', 'Y', NULL, NULL, NULL, NULL, NULL, NULL, 'SYSTEM', '2023-11-30 00:00:00.000', 'SYSTEM', '2023-11-30 00:00:00.000');
INSERT INTO tb_commoncode (code_id, prntcode_id, code_name, code_desc, sort_odr, use_yn, remark, sprfield1, sprfield2, sprfield3, sprfield4, sprfield5, created_by, created_at, updated_by, updated_at) VALUES ('A020020', 'A020000', '자동차 관련 시설', NULL, '20', 'Y', NULL, NULL, NULL, NULL, NULL, NULL, 'SYSTEM', '2023-11-30 00:00:00.000', 'SYSTEM', '2023-11-30 00:00:00.000');
INSERT INTO tb_commoncode (code_id, prntcode_id, code_name, code_desc, sort_odr, use_yn, remark, sprfield1, sprfield2, sprfield3, sprfield4, sprfield5, created_by, created_at, updated_by, updated_at) VALUES ('A020021', 'A020000', '동물 및 식물 관련 시설', NULL, '21', 'Y', NULL, NULL, NULL, NULL, NULL, NULL, 'SYSTEM', '2023-11-30 00:00:00.000', 'SYSTEM', '2023-11-30 00:00:00.000');
INSERT INTO tb_commoncode (code_id, prntcode_id, code_name, code_desc, sort_odr, use_yn, remark, sprfield1, sprfield2, sprfield3, sprfield4, sprfield5, created_by, created_at, updated_by, updated_at) VALUES ('A020022', 'A020000', '자원순환 관련 시설', NULL, '22', 'Y', NULL, NULL, NULL, NULL, NULL, NULL, 'SYSTEM', '2023-11-30 00:00:00.000', 'SYSTEM', '2023-11-30 00:00:00.000');
INSERT INTO tb_commoncode (code_id, prntcode_id, code_name, code_desc, sort_odr, use_yn, remark, sprfield1, sprfield2, sprfield3, sprfield4, sprfield5, created_by, created_at, updated_by, updated_at) VALUES ('A020023', 'A020000', '교정 및 군사시설', NULL, '23', 'Y', NULL, NULL, NULL, NULL, NULL, NULL, 'SYSTEM', '2023-11-30 00:00:00.000', 'SYSTEM', '2023-11-30 00:00:00.000');
INSERT INTO tb_commoncode (code_id, prntcode_id, code_name, code_desc, sort_odr, use_yn, remark, sprfield1, sprfield2, sprfield3, sprfield4, sprfield5, created_by, created_at, updated_by, updated_at) VALUES ('A020024', 'A020000', '방송통신시설', NULL, '24', 'Y', NULL, NULL, NULL, NULL, NULL, NULL, 'SYSTEM', '2023-11-30 00:00:00.000', 'SYSTEM', '2023-11-30 00:00:00.000');
INSERT INTO tb_commoncode (code_id, prntcode_id, code_name, code_desc, sort_odr, use_yn, remark, sprfield1, sprfield2, sprfield3, sprfield4, sprfield5, created_by, created_at, updated_by, updated_at) VALUES ('A020025', 'A020000', '발전시설', NULL, '25', 'Y', NULL, NULL, NULL, NULL, NULL, NULL, 'SYSTEM', '2023-11-30 00:00:00.000', 'SYSTEM', '2023-11-30 00:00:00.000');
INSERT INTO tb_commoncode (code_id, prntcode_id, code_name, code_desc, sort_odr, use_yn, remark, sprfield1, sprfield2, sprfield3, sprfield4, sprfield5, created_by, created_at, updated_by, updated_at) VALUES ('A020026', 'A020000', '묘지 관련 시설', NULL, '26', 'Y', NULL, NULL, NULL, NULL, NULL, NULL, 'SYSTEM', '2023-11-30 00:00:00.000', 'SYSTEM', '2023-11-30 00:00:00.000');
INSERT INTO tb_commoncode (code_id, prntcode_id, code_name, code_desc, sort_odr, use_yn, remark, sprfield1, sprfield2, sprfield3, sprfield4, sprfield5, created_by, created_at, updated_by, updated_at) VALUES ('A020027', 'A020000', '관광 휴게시설', NULL, '27', 'Y', NULL, NULL, NULL, NULL, NULL, NULL, 'SYSTEM', '2023-11-30 00:00:00.000', 'SYSTEM', '2023-11-30 00:00:00.000');
INSERT INTO tb_commoncode (code_id, prntcode_id, code_name, code_desc, sort_odr, use_yn, remark, sprfield1, sprfield2, sprfield3, sprfield4, sprfield5, created_by, created_at, updated_by, updated_at) VALUES ('A020028', 'A020000', '장례식장', NULL, '28', 'Y', NULL, NULL, NULL, NULL, NULL, NULL, 'SYSTEM', '2023-11-30 00:00:00.000', 'SYSTEM', '2023-11-30 00:00:00.000');
INSERT INTO tb_commoncode (code_id, prntcode_id, code_name, code_desc, sort_odr, use_yn, remark, sprfield1, sprfield2, sprfield3, sprfield4, sprfield5, created_by, created_at, updated_by, updated_at) VALUES ('A020029', 'A020000', '야영장시설', NULL, '29', 'Y', NULL, NULL, NULL, NULL, NULL, NULL, 'SYSTEM', '2023-11-30 00:00:00.000', 'SYSTEM', '2023-11-30 00:00:00.000');
INSERT INTO tb_commoncode (code_id, prntcode_id, code_name, code_desc, sort_odr, use_yn, remark, sprfield1, sprfield2, sprfield3, sprfield4, sprfield5, created_by, created_at, updated_by, updated_at) VALUES ('A030000', '0000000000', '구조형식', '구조 재료에 따른 분류', '3', 'Y', NULL, NULL, NULL, NULL, NULL, NULL, 'SYSTEM', '2023-11-30 00:00:00.000', 'SYSTEM', '2023-11-30 00:00:00.000');
INSERT INTO tb_commoncode (code_id, prntcode_id, code_name, code_desc, sort_odr, use_yn, remark, sprfield1, sprfield2, sprfield3, sprfield4, sprfield5, created_by, created_at, updated_by, updated_at) VALUES ('A030001', 'A030000', '목조', NULL, '1', 'Y', NULL, NULL, NULL, NULL, NULL, NULL, 'SYSTEM', '2023-11-30 00:00:00.000', 'SYSTEM', '2023-11-30 00:00:00.000');
INSERT INTO tb_commoncode (code_id, prntcode_id, code_name, code_desc, sort_odr, use_yn, remark, sprfield1, sprfield2, sprfield3, sprfield4, sprfield5, created_by, created_at, updated_by, updated_at) VALUES ('A030002', 'A030000', '조적조', NULL, '2', 'Y', NULL, NULL, NULL, NULL, NULL, NULL, 'SYSTEM', '2023-11-30 00:00:00.000', 'SYSTEM', '2023-11-30 00:00:00.000');
INSERT INTO tb_commoncode (code_id, prntcode_id, code_name, code_desc, sort_odr, use_yn, remark, sprfield1, sprfield2, sprfield3, sprfield4, sprfield5, created_by, created_at, updated_by, updated_at) VALUES ('A030003', 'A030000', '철골콘크리트조', NULL, '3', 'Y', NULL, NULL, NULL, NULL, NULL, NULL, 'SYSTEM', '2023-11-30 00:00:00.000', 'SYSTEM', '2023-11-30 00:00:00.000');
INSERT INTO tb_commoncode (code_id, prntcode_id, code_name, code_desc, sort_odr, use_yn, remark, sprfield1, sprfield2, sprfield3, sprfield4, sprfield5, created_by, created_at, updated_by, updated_at) VALUES ('A030004', 'A030000', '철근', NULL, '4', 'Y', NULL, NULL, NULL, NULL, NULL, NULL, 'SYSTEM', '2023-11-30 00:00:00.000', 'SYSTEM', '2023-11-30 00:00:00.000');
INSERT INTO tb_commoncode (code_id, prntcode_id, code_name, code_desc, sort_odr, use_yn, remark, sprfield1, sprfield2, sprfield3, sprfield4, sprfield5, created_by, created_at, updated_by, updated_at) VALUES ('A030005', 'A030000', '철근콘크리트구조및복합구조', NULL, '5', 'Y', NULL, NULL, NULL, NULL, NULL, NULL, 'SYSTEM', '2023-11-30 00:00:00.000', 'SYSTEM', '2023-11-30 00:00:00.000');
INSERT INTO tb_commoncode (code_id, prntcode_id, code_name, code_desc, sort_odr, use_yn, remark, sprfield1, sprfield2, sprfield3, sprfield4, sprfield5, created_by, created_at, updated_by, updated_at) VALUES ('A030006', 'A030000', '철골조', NULL, '6', 'Y', NULL, NULL, NULL, NULL, NULL, NULL, 'SYSTEM', '2023-11-30 00:00:00.000', 'SYSTEM', '2023-11-30 00:00:00.000');
INSERT INTO tb_commoncode (code_id, prntcode_id, code_name, code_desc, sort_odr, use_yn, remark, sprfield1, sprfield2, sprfield3, sprfield4, sprfield5, created_by, created_at, updated_by, updated_at) VALUES ('A030007', 'A030000', '특수구조', NULL, '7', 'Y', NULL, NULL, NULL, NULL, NULL, NULL, 'SYSTEM', '2023-11-30 00:00:00.000', 'SYSTEM', '2023-11-30 00:00:00.000');
INSERT INTO tb_commoncode (code_id, prntcode_id, code_name, code_desc, sort_odr, use_yn, remark, sprfield1, sprfield2, sprfield3, sprfield4, sprfield5, created_by, created_at, updated_by, updated_at) VALUES ('A030008', 'A030000', '기타', NULL, '8', 'Y', NULL, NULL, NULL, NULL, NULL, NULL, 'SYSTEM', '2023-11-30 00:00:00.000', 'SYSTEM', '2023-11-30 00:00:00.000');
INSERT INTO tb_commoncode (code_id, prntcode_id, code_name, code_desc, sort_odr, use_yn, remark, sprfield1, sprfield2, sprfield3, sprfield4, sprfield5, created_by, created_at, updated_by, updated_at) VALUES ('A040000', '0000000000', '지정형식', '기초를 보강하거나 지반의 지지력을 증가 시키기 위한 부분', '4', 'Y', NULL, NULL, NULL, NULL, NULL, NULL, 'SYSTEM', '2023-11-30 00:00:00.000', 'SYSTEM', '2023-11-30 00:00:00.000');
INSERT INTO tb_commoncode (code_id, prntcode_id, code_name, code_desc, sort_odr, use_yn, remark, sprfield1, sprfield2, sprfield3, sprfield4, sprfield5, created_by, created_at, updated_by, updated_at) VALUES ('A040001', 'A040000', 'Pier', NULL, '1', 'Y', NULL, NULL, NULL, NULL, NULL, NULL, 'SYSTEM', '2023-11-30 00:00:00.000', 'SYSTEM', '2023-11-30 00:00:00.000');
INSERT INTO tb_commoncode (code_id, prntcode_id, code_name, code_desc, sort_odr, use_yn, remark, sprfield1, sprfield2, sprfield3, sprfield4, sprfield5, created_by, created_at, updated_by, updated_at) VALUES ('A040002', 'A040000', 'Pile', NULL, '2', 'Y', NULL, NULL, NULL, NULL, NULL, NULL, 'SYSTEM', '2023-11-30 00:00:00.000', 'SYSTEM', '2023-11-30 00:00:00.000');
INSERT INTO tb_commoncode (code_id, prntcode_id, code_name, code_desc, sort_odr, use_yn, remark, sprfield1, sprfield2, sprfield3, sprfield4, sprfield5, created_by, created_at, updated_by, updated_at) VALUES ('A040003', 'A040000', '모래', NULL, '3', 'Y', NULL, NULL, NULL, NULL, NULL, NULL, 'SYSTEM', '2023-11-30 00:00:00.000', 'SYSTEM', '2023-11-30 00:00:00.000');
INSERT INTO tb_commoncode (code_id, prntcode_id, code_name, code_desc, sort_odr, use_yn, remark, sprfield1, sprfield2, sprfield3, sprfield4, sprfield5, created_by, created_at, updated_by, updated_at) VALUES ('A040004', 'A040000', '잡석', NULL, '4', 'Y', NULL, NULL, NULL, NULL, NULL, NULL, 'SYSTEM', '2023-11-30 00:00:00.000', 'SYSTEM', '2023-11-30 00:00:00.000');
INSERT INTO tb_commoncode (code_id, prntcode_id, code_name, code_desc, sort_odr, use_yn, remark, sprfield1, sprfield2, sprfield3, sprfield4, sprfield5, created_by, created_at, updated_by, updated_at) VALUES ('A040005', 'A040000', '기타', NULL, '5', 'Y', NULL, NULL, NULL, NULL, NULL, NULL, 'SYSTEM', '2023-11-30 00:00:00.000', 'SYSTEM', '2023-11-30 00:00:00.000');
INSERT INTO tb_commoncode (code_id, prntcode_id, code_name, code_desc, sort_odr, use_yn, remark, sprfield1, sprfield2, sprfield3, sprfield4, sprfield5, created_by, created_at, updated_by, updated_at) VALUES ('A050000', '0000000000', '기초형식', '기초판의 형식', '5', 'Y', NULL, NULL, NULL, NULL, NULL, NULL, 'SYSTEM', '2023-11-30 00:00:00.000', 'SYSTEM', '2023-11-30 00:00:00.000');
INSERT INTO tb_commoncode (code_id, prntcode_id, code_name, code_desc, sort_odr, use_yn, remark, sprfield1, sprfield2, sprfield3, sprfield4, sprfield5, created_by, created_at, updated_by, updated_at) VALUES ('A050001', 'A050000', '독립', NULL, '1', 'Y', NULL, NULL, NULL, NULL, NULL, NULL, 'SYSTEM', '2023-11-30 00:00:00.000', 'SYSTEM', '2023-11-30 00:00:00.000');
INSERT INTO tb_commoncode (code_id, prntcode_id, code_name, code_desc, sort_odr, use_yn, remark, sprfield1, sprfield2, sprfield3, sprfield4, sprfield5, created_by, created_at, updated_by, updated_at) VALUES ('A050002', 'A050000', '복합', NULL, '2', 'Y', NULL, NULL, NULL, NULL, NULL, NULL, 'SYSTEM', '2023-11-30 00:00:00.000', 'SYSTEM', '2023-11-30 00:00:00.000');
INSERT INTO tb_commoncode (code_id, prntcode_id, code_name, code_desc, sort_odr, use_yn, remark, sprfield1, sprfield2, sprfield3, sprfield4, sprfield5, created_by, created_at, updated_by, updated_at) VALUES ('A050003', 'A050000', '연속', NULL, '3', 'Y', NULL, NULL, NULL, NULL, NULL, NULL, 'SYSTEM', '2023-11-30 00:00:00.000', 'SYSTEM', '2023-11-30 00:00:00.000');
INSERT INTO tb_commoncode (code_id, prntcode_id, code_name, code_desc, sort_odr, use_yn, remark, sprfield1, sprfield2, sprfield3, sprfield4, sprfield5, created_by, created_at, updated_by, updated_at) VALUES ('A050004', 'A050000', '온통', NULL, '4', 'Y', NULL, NULL, NULL, NULL, NULL, NULL, 'SYSTEM', '2023-11-30 00:00:00.000', 'SYSTEM', '2023-11-30 00:00:00.000');
INSERT INTO tb_commoncode (code_id, prntcode_id, code_name, code_desc, sort_odr, use_yn, remark, sprfield1, sprfield2, sprfield3, sprfield4, sprfield5, created_by, created_at, updated_by, updated_at) VALUES ('A050005', 'A050000', '일체식', NULL, '5', 'Y', NULL, NULL, NULL, NULL, NULL, NULL, 'SYSTEM', '2023-11-30 00:00:00.000', 'SYSTEM', '2023-11-30 00:00:00.000');
INSERT INTO tb_commoncode (code_id, prntcode_id, code_name, code_desc, sort_odr, use_yn, remark, sprfield1, sprfield2, sprfield3, sprfield4, sprfield5, created_by, created_at, updated_by, updated_at) VALUES ('A050006', 'A050000', '캔틸레버', NULL, '6', 'Y', NULL, NULL, NULL, NULL, NULL, NULL, 'SYSTEM', '2023-11-30 00:00:00.000', 'SYSTEM', '2023-11-30 00:00:00.000');
INSERT INTO tb_commoncode (code_id, prntcode_id, code_name, code_desc, sort_odr, use_yn, remark, sprfield1, sprfield2, sprfield3, sprfield4, sprfield5, created_by, created_at, updated_by, updated_at) VALUES ('A060000', '0000000000', '정화조형식', '필요여부 검토 필요.', '6', 'Y', NULL, NULL, NULL, NULL, NULL, NULL, 'SYSTEM', '2023-11-30 00:00:00.000', 'SYSTEM', '2023-11-30 00:00:00.000');
INSERT INTO tb_commoncode (code_id, prntcode_id, code_name, code_desc, sort_odr, use_yn, remark, sprfield1, sprfield2, sprfield3, sprfield4, sprfield5, created_by, created_at, updated_by, updated_at) VALUES ('A060001', 'A060000', '임호프탱크', NULL, '1', 'Y', NULL, NULL, NULL, NULL, NULL, NULL, 'SYSTEM', '2023-11-30 00:00:00.000', 'SYSTEM', '2023-11-30 00:00:00.000');
INSERT INTO tb_commoncode (code_id, prntcode_id, code_name, code_desc, sort_odr, use_yn, remark, sprfield1, sprfield2, sprfield3, sprfield4, sprfield5, created_by, created_at, updated_by, updated_at) VALUES ('A060002', 'A060000', '장기폭기', NULL, '2', 'Y', NULL, NULL, NULL, NULL, NULL, NULL, 'SYSTEM', '2023-11-30 00:00:00.000', 'SYSTEM', '2023-11-30 00:00:00.000');
INSERT INTO tb_commoncode (code_id, prntcode_id, code_name, code_desc, sort_odr, use_yn, remark, sprfield1, sprfield2, sprfield3, sprfield4, sprfield5, created_by, created_at, updated_by, updated_at) VALUES ('A060003', 'A060000', '표준활성오니', NULL, '3', 'Y', NULL, NULL, NULL, NULL, NULL, NULL, 'SYSTEM', '2023-11-30 00:00:00.000', 'SYSTEM', '2023-11-30 00:00:00.000');
INSERT INTO tb_commoncode (code_id, prntcode_id, code_name, code_desc, sort_odr, use_yn, remark, sprfield1, sprfield2, sprfield3, sprfield4, sprfield5, created_by, created_at, updated_by, updated_at) VALUES ('A060004', 'A060000', '접촉산화', NULL, '4', 'Y', NULL, NULL, NULL, NULL, NULL, NULL, 'SYSTEM', '2023-11-30 00:00:00.000', 'SYSTEM', '2023-11-30 00:00:00.000');
INSERT INTO tb_commoncode (code_id, prntcode_id, code_name, code_desc, sort_odr, use_yn, remark, sprfield1, sprfield2, sprfield3, sprfield4, sprfield5, created_by, created_at, updated_by, updated_at) VALUES ('A060005', 'A060000', '접촉안정', NULL, '5', 'Y', NULL, NULL, NULL, NULL, NULL, NULL, 'SYSTEM', '2023-11-30 00:00:00.000', 'SYSTEM', '2023-11-30 00:00:00.000');
INSERT INTO tb_commoncode (code_id, prntcode_id, code_name, code_desc, sort_odr, use_yn, remark, sprfield1, sprfield2, sprfield3, sprfield4, sprfield5, created_by, created_at, updated_by, updated_at) VALUES ('A060006', 'A060000', '회전원판', NULL, '6', 'Y', NULL, NULL, NULL, NULL, NULL, NULL, 'SYSTEM', '2023-11-30 00:00:00.000', 'SYSTEM', '2023-11-30 00:00:00.000');
INSERT INTO tb_commoncode (code_id, prntcode_id, code_name, code_desc, sort_odr, use_yn, remark, sprfield1, sprfield2, sprfield3, sprfield4, sprfield5, created_by, created_at, updated_by, updated_at) VALUES ('A060007', 'A060000', '살수여상', NULL, '7', 'Y', NULL, NULL, NULL, NULL, NULL, NULL, 'SYSTEM', '2023-11-30 00:00:00.000', 'SYSTEM', '2023-11-30 00:00:00.000');
INSERT INTO tb_commoncode (code_id, prntcode_id, code_name, code_desc, sort_odr, use_yn, remark, sprfield1, sprfield2, sprfield3, sprfield4, sprfield5, created_by, created_at, updated_by, updated_at) VALUES ('A060008', 'A060000', '현수미생', NULL, '8', 'Y', NULL, NULL, NULL, NULL, NULL, NULL, 'SYSTEM', '2023-11-30 00:00:00.000', 'SYSTEM', '2023-11-30 00:00:00.000');
INSERT INTO tb_commoncode (code_id, prntcode_id, code_name, code_desc, sort_odr, use_yn, remark, sprfield1, sprfield2, sprfield3, sprfield4, sprfield5, created_by, created_at, updated_by, updated_at) VALUES ('A060009', 'A060000', '기타', NULL, '9', 'Y', NULL, NULL, NULL, NULL, NULL, NULL, 'SYSTEM', '2023-11-30 00:00:00.000', 'SYSTEM', '2023-11-30 00:00:00.000');
INSERT INTO tb_commoncode (code_id, prntcode_id, code_name, code_desc, sort_odr, use_yn, remark, sprfield1, sprfield2, sprfield3, sprfield4, sprfield5, created_by, created_at, updated_by, updated_at) VALUES ('A070000', '0000000000', '열원종류', '중앙냉방열원, 중앙난방열원 등', '7', 'Y', NULL, NULL, NULL, NULL, NULL, NULL, 'SYSTEM', '2023-11-30 00:00:00.000', 'SYSTEM', '2023-11-30 00:00:00.000');
INSERT INTO tb_commoncode (code_id, prntcode_id, code_name, code_desc, sort_odr, use_yn, remark, sprfield1, sprfield2, sprfield3, sprfield4, sprfield5, created_by, created_at, updated_by, updated_at) VALUES ('A070001', 'A070000', '빙축열', NULL, '1', 'Y', NULL, NULL, NULL, NULL, NULL, NULL, 'SYSTEM', '2023-11-30 00:00:00.000', 'SYSTEM', '2023-11-30 00:00:00.000');
INSERT INTO tb_commoncode (code_id, prntcode_id, code_name, code_desc, sort_odr, use_yn, remark, sprfield1, sprfield2, sprfield3, sprfield4, sprfield5, created_by, created_at, updated_by, updated_at) VALUES ('A070002', 'A070000', '등유', NULL, '2', 'Y', NULL, NULL, NULL, NULL, NULL, NULL, 'SYSTEM', '2023-11-30 00:00:00.000', 'SYSTEM', '2023-11-30 00:00:00.000');
INSERT INTO tb_commoncode (code_id, prntcode_id, code_name, code_desc, sort_odr, use_yn, remark, sprfield1, sprfield2, sprfield3, sprfield4, sprfield5, created_by, created_at, updated_by, updated_at) VALUES ('A070003', 'A070000', '경유', NULL, '3', 'Y', NULL, NULL, NULL, NULL, NULL, NULL, 'SYSTEM', '2023-11-30 00:00:00.000', 'SYSTEM', '2023-11-30 00:00:00.000');
INSERT INTO tb_commoncode (code_id, prntcode_id, code_name, code_desc, sort_odr, use_yn, remark, sprfield1, sprfield2, sprfield3, sprfield4, sprfield5, created_by, created_at, updated_by, updated_at) VALUES ('A070004', 'A070000', '벙커C유', NULL, '4', 'Y', NULL, NULL, NULL, NULL, NULL, NULL, 'SYSTEM', '2023-11-30 00:00:00.000', 'SYSTEM', '2023-11-30 00:00:00.000');
INSERT INTO tb_commoncode (code_id, prntcode_id, code_name, code_desc, sort_odr, use_yn, remark, sprfield1, sprfield2, sprfield3, sprfield4, sprfield5, created_by, created_at, updated_by, updated_at) VALUES ('A070005', 'A070000', '가스', NULL, '5', 'Y', NULL, NULL, NULL, NULL, NULL, NULL, 'SYSTEM', '2023-11-30 00:00:00.000', 'SYSTEM', '2023-11-30 00:00:00.000');
INSERT INTO tb_commoncode (code_id, prntcode_id, code_name, code_desc, sort_odr, use_yn, remark, sprfield1, sprfield2, sprfield3, sprfield4, sprfield5, created_by, created_at, updated_by, updated_at) VALUES ('A070006', 'A070000', '기타', NULL, '6', 'Y', NULL, NULL, NULL, NULL, NULL, NULL, 'SYSTEM', '2023-11-30 00:00:00.000', 'SYSTEM', '2023-11-30 00:00:00.000');


INSERT INTO tb_authgrp_menu (authgroup_id,menu_id,auth_crud,created_by,created_at,updated_by,updated_at) VALUES ('ADMIN','NBSXA010',15,'SYSTEM','2023-12-11 15:18:10.000','SYSTEM','2023-12-11 15:18:14.000');
INSERT INTO tb_authgrp_menu (authgroup_id,menu_id,auth_crud,created_by,created_at,updated_by,updated_at) VALUES ('ADMIN','NBSZ0000',15,'SYSTEM','2023-12-11 15:18:10.000','SYSTEM','2023-12-11 15:18:14.000');
INSERT INTO tb_authgrp_menu (authgroup_id,menu_id,auth_crud,created_by,created_at,updated_by,updated_at) VALUES ('ADMIN','NBSXC020',15,'SYSTEM','2023-12-11 15:19:35.000','SYSTEM','2023-12-11 15:19:41.000');
INSERT INTO tb_authgrp_menu (authgroup_id,menu_id,auth_crud,created_by,created_at,updated_by,updated_at) VALUES ('ADMIN','NBSZA010',15,'SYSTEM','2023-12-11 15:16:38.000','SYSTEM','2023-12-11 15:17:07.605');
INSERT INTO tb_authgrp_menu (authgroup_id,menu_id,auth_crud,created_by,created_at,updated_by,updated_at) VALUES ('ADMIN','NBSZD010',15,'SYSTEM','2023-11-28 21:48:49.000','SYSTEM','2023-11-28 21:48:57.000');

INSERT INTO tb_bldinfo (
    bld_id, bld_name, bld_no, bld_type, bld_div, bld_zipcode,
    bld_addr, bld_addr2, bld_owner, completion_date, warranty_date,
    safetychk_yn, maint_yn, design_start, design_end, designer,
    bld_start, bld_end, builder, totalcost, supervise_start,
    supervise_end, supervisor, project_owner, project_name,
    inspector, photo_file1, photo_file2, remark,
    created_by, created_at, updated_by, updated_at
) VALUES (
             '0001', 'Building One', 'FAC123', 'A020010', 'Division A', '12345',
             '123 Main St', 'Suite 100', 'Owner One', '2020-01-01', '2025-01-01',
             'Y', 'Y', '2019-01-01', '2019-06-01', 'Designer A',
             '2019-07-01', '2020-01-01', 'Constructor A', 1000000, '2020-01-02',
             '2020-12-31', 'Supervisor A', 'Project Owner A', 'Project A',
             'Inspector A', 'photo1.jpg', 'photo2.jpg', 'Remark for Building One',
             'Admin', '2023-01-01 10:00:00', 'Admin', '2023-01-01 10:00:00'
         );

INSERT INTO tb_bldinfo (
    bld_id, bld_name, bld_no, bld_type, bld_div, bld_zipcode,
    bld_addr, bld_addr2, bld_owner, completion_date, warranty_date,
    safetychk_yn, maint_yn, design_start, design_end, designer,
    bld_start, bld_end, builder, totalcost, supervise_start,
    supervise_end, supervisor, project_owner, project_name,
    inspector, photo_file1, photo_file2, remark,
    created_by, created_at, updated_by, updated_at
) VALUES (
             '0002', 'Building Two', 'FAC456', 'A020014', 'Division B', '67890',
             '456 Another Rd', 'Unit 200', 'Owner Two', '2021-02-01', '2026-02-01',
             'N', 'N', '2020-02-01', '2020-07-01', 'Designer B',
             '2020-08-01', '2021-02-01', 'Constructor B', 1500000, '2021-02-02',
             '2021-12-31', 'Supervisor B', 'Project Owner B', 'Project B',
             'Inspector B', 'photo3.jpg', 'photo4.jpg', 'Remark for Building Two',
             'Admin', '2023-01-02 10:00:00', 'Admin', '2023-01-02 10:00:00'
         );
